,Employee_Name,EmpID,MarriedID,MaritalStatusID,GenderID,EmpStatusID,DeptID,PerfScoreID,FromDiversityJobFairID,PayRate,Termd,PositionID,Position,State,Zip,DOB,Sex,MaritalDesc,CitizenDesc,HispanicLatino,RaceDesc,DateofHire,DateofTermination,TermReason,EmploymentStatus,Department,ManagerName,ManagerID,RecruitmentSource,PerformanceScore,EngagementSurvey,EmpSatisfaction,SpecialProjectsCount,LastPerformanceReview_Date,DaysLateLast30
0,"Brown, Mia",1103024456.0,1.0,1.0,0.0,1.0,1.0,3.0,1.0,28.5,0.0,1.0,Accountant I,MA,1450.0,11/24/87,F,Married,US Citizen,No,Black or African American,10/27/2008,,N/A - still employed,Active,Admin Offices,Brandon R. LeBlanc,1.0,Diversity Job Fair,Fully Meets,2.04,2.0,6.0,1/15/2019,0.0
1,"LaRotonda, William  ",1106026572.0,0.0,2.0,1.0,1.0,1.0,3.0,0.0,23.0,0.0,1.0,Accountant I,MA,1460.0,04/26/84,M ,Divorced,US Citizen,No,Black or African American,1/6/2014,,N/A - still employed,Active,Admin Offices,Brandon R. LeBlanc,1.0,Website Banner Ads,Fully Meets,5.0,4.0,4.0,1/17/2019,0.0
2,"Steans, Tyrone  ",1302053333.0,0.0,0.0,1.0,1.0,1.0,3.0,0.0,29.0,0.0,1.0,Accountant I,MA,2703.0,09/01/86,M ,Single,US Citizen,No,White,9/29/2014,,N/A - still employed,Active,Admin Offices,Brandon R. LeBlanc,1.0,Internet Search,Fully Meets,3.9,5.0,5.0,1/18/2019,0.0
3,"Howard, Estelle",1211050782.0,1.0,1.0,0.0,1.0,1.0,3.0,0.0,21.5,1.0,2.0,Administrative Assistant,MA,2170.0,09/16/85,F,Married,US Citizen,No,White,2/16/2015,04/15/15,,Terminated for Cause,Admin Offices,Brandon R. LeBlanc,1.0,Pay Per Click - Google,Fully Meets,3.24,3.0,4.0,,
4,"Singh, Nan ",1307059817.0,0.0,0.0,0.0,1.0,1.0,3.0,0.0,16.56,0.0,2.0,Administrative Assistant,MA,2330.0,05/19/88,F,Single,US Citizen,No,White,5/1/2015,,N/A - still employed,Active,Admin Offices,Brandon R. LeBlanc,1.0,Website Banner Ads,Fully Meets,5.0,3.0,5.0,1/15/2019,0.0
5,"Smith, Leigh Ann",711007713.0,1.0,1.0,0.0,5.0,1.0,3.0,1.0,20.5,1.0,2.0,Administrative Assistant,MA,1844.0,06/14/87,F,Married,US Citizen,No,Asian,9/26/2011,09/25/13,career change,Voluntarily Terminated,Admin Offices,Brandon R. LeBlanc,1.0,Diversity Job Fair,Fully Meets,3.8,4.0,4.0,,
6,"Bunbury, Jessica",1504073368.0,1.0,1.0,0.0,5.0,6.0,3.0,0.0,55.0,1.0,3.0,Area Sales Manager,VA,21851.0,06/01/64,F,Married,Eligible NonCitizen,No,Black or African American,8/15/2011,08/02/14,Another position,Voluntarily Terminated,Sales,John Smith,17.0,Social Networks - Facebook Twitter etc,Fully Meets,3.14,5.0,0.0,,
7,"Carter, Michelle ",1403065721.0,0.0,0.0,0.0,1.0,6.0,3.0,0.0,55.0,0.0,3.0,Area Sales Manager,VT,5664.0,05/15/63,F,Single,US Citizen,No,White,8/18/2014,,N/A - still employed,Active,Sales,John Smith,17.0,Billboard,Fully Meets,5.0,5.0,0.0,1/21/2019,0.0
8,"Dietrich, Jenna  ",1408069481.0,0.0,0.0,0.0,1.0,6.0,1.0,0.0,55.0,0.0,3.0,Area Sales Manager,WA,98052.0,05/14/87,F,Single,US Citizen,Yes,White,2/20/2012,,N/A - still employed,Active,Sales,John Smith,17.0,Website Banner Ads,PIP,2.3,1.0,0.0,1/29/2019,0.0
9,"Digitale, Alfred",1306059197.0,1.0,1.0,1.0,1.0,6.0,3.0,0.0,56.0,0.0,3.0,Area Sales Manager,NH,3062.0,09/14/88,M ,Married,US Citizen,No,American Indian or Alaska Native,8/18/2014,,N/A - still employed,Active,Sales,John Smith,17.0,Pay Per Click - Google,Fully Meets,3.6,5.0,0.0,1/30/2019,0.0
10,"Friedman, Gerry",1204032843.0,0.0,0.0,1.0,1.0,6.0,3.0,1.0,55.5,0.0,3.0,Area Sales Manager,NY,10171.0,02/24/69,M ,Single,US Citizen,Yes,Two or more races,3/7/2011,,N/A - still employed,Active,Sales,John Smith,17.0,Diversity Job Fair,Fully Meets,3.65,5.0,0.0,1/17/2019,0.0
11,"Gill, Whitney  ",1302053046.0,0.0,4.0,0.0,4.0,6.0,3.0,0.0,55.0,1.0,3.0,Area Sales Manager,OH,43050.0,07/10/71,F,Widowed,US Citizen,No,Black or African American,7/7/2014,09/05/15,attendance,Terminated for Cause,Sales,John Smith,17.0,Monster.com,Fully Meets,3.97,4.0,0.0,,
12,"Gonzales, Ricardo",1411071481.0,1.0,1.0,1.0,1.0,6.0,3.0,0.0,55.5,0.0,3.0,Area Sales Manager,ID,83706.0,10/12/54,M ,Married,US Citizen,No,White,5/12/2014,,N/A - still employed,Active,Sales,John Smith,17.0,Monster.com,Fully Meets,3.98,3.0,0.0,1/28/2019,0.0
13,"Guilianno, Mike",1001167253.0,0.0,0.0,1.0,5.0,6.0,3.0,0.0,55.0,1.0,3.0,Area Sales Manager,TN,37129.0,02/09/69,M ,Single,US Citizen,No,Two or more races,3/7/2011,10/31/14,relocation out of area,Voluntarily Terminated,Sales,John Smith,17.0,Newspager/Magazine,Fully Meets,4.5,5.0,0.0,,
14,"Leruth, Giovanni",1412071660.0,0.0,3.0,1.0,1.0,6.0,3.0,0.0,55.0,0.0,3.0,Area Sales Manager,UT,84111.0,12/27/88,M ,Separated,US Citizen,No,Black or African American,4/30/2012,,N/A - still employed,Active,Sales,John Smith,17.0,Website Banner Ads,Fully Meets,4.53,3.0,0.0,1/29/2019,0.0
15,"Mullaney, Howard",1306057978.0,0.0,0.0,1.0,1.0,6.0,1.0,0.0,55.0,0.0,3.0,Area Sales Manager,AL,36006.0,11/02/75,M ,Single,US Citizen,No,Two or more races,9/29/2014,,N/A - still employed,Active,Sales,John Smith,17.0,Internet Search,PIP,1.93,3.0,0.0,1/30/2019,0.0
16,"Ozark, Travis",812011761.0,0.0,0.0,1.0,1.0,6.0,3.0,0.0,55.0,0.0,3.0,Area Sales Manager,NC,27229.0,05/19/82,M ,Single,US Citizen,No,White,1/5/2015,,N/A - still employed,Active,Sales,John Smith,17.0,Website Banner Ads,Fully Meets,5.0,5.0,0.0,1/14/2019,0.0
17,"Strong, Caitrin",1411071295.0,1.0,1.0,0.0,1.0,6.0,3.0,0.0,54.0,0.0,3.0,Area Sales Manager,MT,59102.0,05/12/89,F,Married,US Citizen,No,Black or African American,9/27/2010,,N/A - still employed,Active,Sales,John Smith,17.0,Professional Society,Fully Meets,2.0,4.0,0.0,1/31/2019,0.0
18,"Valentin,Jackie",1312063714.0,1.0,1.0,0.0,1.0,6.0,3.0,0.0,55.0,0.0,3.0,Area Sales Manager,AZ,85006.0,05/23/91,F,Married,US Citizen,No,Two or more races,7/5/2011,,N/A - still employed,Active,Sales,John Smith,17.0,Other,Fully Meets,2.81,3.0,0.0,1/17/2019,0.0
19,"Villanueva, Noah",1111030503.0,0.0,0.0,1.0,1.0,6.0,3.0,0.0,56.0,0.0,3.0,Area Sales Manager,ME,4063.0,07/11/89,M ,Single,US Citizen,No,Asian,3/5/2012,,N/A - still employed,Active,Sales,John Smith,17.0,Website Banner Ads,Fully Meets,1.77,4.0,0.0,1/18/2019,0.0
20,"Buck, Edward",1504073313.0,1.0,1.0,1.0,1.0,6.0,3.0,0.0,55.0,0.0,3.0,Area Sales Manager,MA,2330.0,07/07/75,M ,Married,US Citizen,No,White,9/29/2014,,N/A - still employed,Active,Sales,Lynn Daneault,21.0,Employee Referral,Fully Meets,3.31,5.0,0.0,1/28/2019,0.0
21,"Costa, Latia",1409070567.0,0.0,0.0,0.0,1.0,6.0,4.0,0.0,55.0,0.0,3.0,Area Sales Manager,CA,90007.0,11/08/88,F,Single,US Citizen,No,White,1/10/2011,,N/A - still employed,Active,Sales,Lynn Daneault,21.0,Other,Exceeds,4.77,5.0,0.0,1/27/2019,0.0
22,"Fraval, Maruk ",1411071302.0,0.0,0.0,1.0,1.0,6.0,3.0,0.0,55.0,0.0,3.0,Area Sales Manager,CT,6050.0,08/28/63,M ,Single,US Citizen,No,Black or African American,9/6/2011,,N/A - still employed,Active,Sales,Lynn Daneault,21.0,Monster.com,Fully Meets,1.64,3.0,0.0,1/27/2019,0.0
23,"Givens, Myriam",1203032099.0,0.0,0.0,0.0,1.0,6.0,3.0,0.0,55.0,0.0,3.0,Area Sales Manager,IN,46204.0,09/22/89,F,Single,US Citizen,No,White,2/16/2015,,N/A - still employed,Active,Sales,Lynn Daneault,21.0,Pay Per Click - Google,Fully Meets,1.72,5.0,0.0,1/25/2019,0.0
24,Jeremy Prater,1001084890.0,1.0,1.0,1.0,1.0,6.0,1.0,0.0,56.0,0.0,3.0,Area Sales Manager,NV,89139.0,05/09/74,M ,Married,US Citizen,No,White,5/12/2014,,N/A - still employed,Active,Sales,Lynn Daneault,21.0,Website Banner Ads,PIP,1.81,2.0,0.0,1/17/2019,0.0
25,"Khemmich, Bartholemew",1104025008.0,0.0,0.0,1.0,1.0,6.0,3.0,0.0,55.0,0.0,3.0,Area Sales Manager,CO,80820.0,11/27/79,M ,Single,US Citizen,No,White,8/19/2013,,N/A - still employed,Active,Sales,Lynn Daneault,21.0,Pay Per Click - Google,Fully Meets,2.19,5.0,0.0,1/22/2019,0.0
26,"Martins, Joseph",1209048771.0,0.0,0.0,1.0,1.0,6.0,3.0,0.0,56.0,0.0,3.0,Area Sales Manager,TX,78207.0,06/11/70,M ,Single,Eligible NonCitizen,No,Black or African American,5/14/2012,,N/A - still employed,Active,Sales,Lynn Daneault,21.0,Employee Referral,Fully Meets,2.94,5.0,0.0,1/19/2019,0.0
27,"McKinzie, Jac",1209049326.0,1.0,1.0,1.0,2.0,6.0,3.0,0.0,55.0,0.0,3.0,Area Sales Manager,TX,78789.0,07/01/84,M ,Married,US Citizen,No,Two or more races,7/6/2016,,N/A - Has not started yet,Future Start,Sales,Lynn Daneault,21.0,Website Banner Ads,Fully Meets,2.91,4.0,0.0,1/29/2019,0.0
28,"Nguyen, Dheepa",1111030684.0,0.0,0.0,0.0,1.0,6.0,3.0,0.0,55.0,0.0,3.0,Area Sales Manager,GA,30428.0,03/31/89,F,Single,US Citizen,No,Two or more races,7/8/2013,,N/A - still employed,Active,Sales,Lynn Daneault,21.0,Pay Per Click - Google,Fully Meets,5.0,5.0,0.0,1/25/2019,0.0
29,"Onque, Jasmine",1501072180.0,0.0,0.0,0.0,1.0,6.0,3.0,0.0,57.0,0.0,3.0,Area Sales Manager,FL,33174.0,05/11/90,F,Single,US Citizen,Yes,White,9/30/2013,,N/A - still employed,Active,Sales,Lynn Daneault,21.0,Pay Per Click - Google,Fully Meets,4.28,3.0,0.0,1/25/2019,0.0
30,"Potts, Xana",1102024106.0,1.0,1.0,0.0,1.0,6.0,3.0,0.0,55.0,0.0,3.0,Area Sales Manager,KY,40220.0,08/29/88,F,Married,US Citizen,No,Black or African American,1/9/2012,,N/A - still employed,Active,Sales,Lynn Daneault,21.0,Website Banner Ads,Fully Meets,4.2,5.0,0.0,2/1/2019,0.0
31,"Riordan, Michael",1502072711.0,0.0,3.0,1.0,1.0,6.0,4.0,0.0,55.0,0.0,3.0,Area Sales Manager,ND,58782.0,01/15/68,M ,Separated,US Citizen,No,White,1/9/2006,,N/A - still employed,Active,Sales,Lynn Daneault,21.0,Billboard,Exceeds,4.1,3.0,0.0,1/4/2019,0.0
32,"Terry, Sharlene ",1401064637.0,0.0,0.0,0.0,1.0,6.0,3.0,0.0,55.0,0.0,3.0,Area Sales Manager,OR,97756.0,05/07/65,F,Single,US Citizen,No,Black or African American,9/29/2014,,N/A - still employed,Active,Sales,Lynn Daneault,21.0,Monster.com,Fully Meets,3.69,3.0,0.0,1/28/2019,0.0
33,"Rachael, Maggie",1009919940.0,1.0,1.0,0.0,1.0,3.0,3.0,0.0,45.0,0.0,4.0,BI Developer,MA,2110.0,05/12/80,F,Married,US Citizen,No,Black or African American,10/2/2016,,N/A - still employed,Active,IT/IS,Brian Champaigne,13.0,Indeed,Fully Meets,2.02,4.0,6.0,2/6/2019,0.0
34,"Smith, Jason",1009919980.0,0.0,0.0,1.0,1.0,3.0,3.0,0.0,46.0,0.0,4.0,BI Developer,MA,2045.0,09/04/83,M ,Single,US Citizen,No,White,2/15/2017,,N/A - still employed,Active,IT/IS,Brian Champaigne,13.0,Indeed,Fully Meets,3.01,5.0,7.0,1/23/2019,0.0
35,"Westinghouse, Matthew",1009919990.0,1.0,1.0,1.0,1.0,3.0,3.0,0.0,45.0,0.0,4.0,BI Developer,MA,2134.0,10/24/87,M ,Married,US Citizen,No,White,4/20/2017,,N/A - still employed,Active,IT/IS,Brian Champaigne,13.0,Indeed,Fully Meets,1.82,3.0,6.0,1/2/2019,0.0
36,"Hubert, Robert",1009920000.0,1.0,1.0,1.0,1.0,3.0,3.0,0.0,45.0,0.0,4.0,BI Developer,MA,2134.0,06/30/89,M ,Married,US Citizen,No,Black or African American,4/20/2017,,N/A - still employed,Active,IT/IS,Brian Champaigne,13.0,Indeed,Fully Meets,2.06,5.0,5.0,1/28/2019,0.0
37,"Champaigne, Brian",1009919920.0,1.0,1.0,1.0,1.0,3.0,3.0,0.0,63.5,0.0,5.0,BI Director,MA,2045.0,02/09/72,M ,Married,US Citizen,No,White,9/6/2016,,N/A - still employed,Active,IT/IS,Jennifer Zamora,5.0,Professional Society,Fully Meets,4.5,5.0,7.0,1/15/2019,0.0
38,"Zamora, Jennifer",1112030816.0,0.0,0.0,0.0,1.0,3.0,4.0,0.0,65.0,0.0,6.0,CIO,MA,2067.0,08/30/79,F,Single,US Citizen,No,White,4/10/2010,,N/A - still employed,Active,IT/IS,Janet King,2.0,Employee Referral,Exceeds,1.12,5.0,6.0,2/21/2019,0.0
39,"Roper, Katie",1009919950.0,0.0,0.0,0.0,1.0,3.0,3.0,0.0,55.0,0.0,7.0,Data Architect,MA,2056.0,11/21/72,F,Single,US Citizen,No,Black or African American,1/7/2017,,N/A - still employed,Active,IT/IS,Brian Champaigne,13.0,Indeed,Fully Meets,4.94,3.0,5.0,2/6/2019,0.0
40,"Becker, Renee",1102024056.0,0.0,0.0,0.0,4.0,3.0,3.0,0.0,43.0,1.0,8.0,Database Administrator,MA,2026.0,04/04/86,F,Single,US Citizen,Yes,White,7/7/2014,09/12/15,performance,Terminated for Cause,IT/IS,Simon Roup,4.0,Search Engine - Google Bing Yahoo,Fully Meets,1.87,4.0,5.0,,
41,"Goble, Taisha",905013738.0,0.0,0.0,0.0,4.0,3.0,3.0,0.0,48.5,1.0,8.0,Database Administrator,MA,2127.0,10/23/71,F,Single,US Citizen,No,White,2/16/2015,03/15/15,"no-call, no-show",Terminated for Cause,IT/IS,Simon Roup,4.0,Glassdoor,Fully Meets,1.87,4.0,4.0,,
42,"Hernandez, Daniff",1410071156.0,1.0,1.0,1.0,4.0,3.0,3.0,0.0,40.1,1.0,8.0,Database Administrator,MA,1960.0,08/07/86,M ,Married,US Citizen,No,Black or African American,2/16/2015,02/22/15,"no-call, no-show",Terminated for Cause,IT/IS,Simon Roup,4.0,Employee Referral,Fully Meets,4.33,3.0,7.0,,
43,"Horton, Jayne",1105025718.0,0.0,0.0,0.0,1.0,3.0,3.0,0.0,34.0,0.0,8.0,Database Administrator,MA,2493.0,02/21/84,F,Single,US Citizen,No,White,3/30/2015,,N/A - still employed,Active,IT/IS,Simon Roup,4.0,Glassdoor,Fully Meets,4.48,5.0,6.0,1/3/2019,0.0
44,"Johnson, Noelle ",1003018246.0,1.0,1.0,0.0,3.0,3.0,3.0,0.0,40.0,0.0,8.0,Database Administrator,MA,2301.0,11/07/86,F,Married,US Citizen,No,Asian,1/5/2015,,N/A - still employed,Leave of Absence,IT/IS,Simon Roup,4.0,Glassdoor,Fully Meets,3.75,3.0,5.0,2/11/2019,0.0
45,"Murray, Thomas",1406068403.0,0.0,2.0,1.0,1.0,3.0,4.0,1.0,35.5,0.0,9.0,Data Analyst,TX,78230.0,07/04/88,M ,Divorced,US Citizen,No,Black or African American,11/10/2014,,N/A - still employed,Active,IT/IS,Simon Roup,4.0,Diversity Job Fair,Exceeds,4.28,4.0,5.0,2/25/2019,0.0
46,"Pearson, Randall",1102023965.0,1.0,1.0,1.0,5.0,3.0,3.0,0.0,41.0,1.0,9.0,Data Analyst,MA,2747.0,09/05/84,M ,Married,US Citizen,No,White,12/1/2014,05/01/16,performance,Voluntarily Terminated,IT/IS,Simon Roup,4.0,Employee Referral,Fully Meets,1.62,4.0,5.0,,
47,"Petrowsky, Thelma",1108027853.0,1.0,1.0,0.0,1.0,3.0,4.0,0.0,42.75,0.0,9.0,Data Analyst,MA,1886.0,09/16/84,F,Married,US Citizen,No,Asian,11/10/2014,,N/A - still employed,Active,IT/IS,Simon Roup,4.0,Employee Referral,Exceeds,3.71,5.0,7.0,1/4/2019,0.0
48,"Roby, Lori ",1407068885.0,1.0,1.0,0.0,1.0,3.0,3.0,0.0,39.55,0.0,9.0,Data Analyst,MA,1886.0,10/11/81,F,Married,US Citizen,No,White,2/16/2015,,N/A - still employed,Active,IT/IS,Simon Roup,4.0,Employee Referral,Fully Meets,3.69,5.0,6.0,2/14/2019,0.0
49,"Rogers, Ivan",1203032255.0,1.0,1.0,1.0,1.0,3.0,3.0,0.0,42.2,0.0,9.0,Data Analyst,MA,1810.0,08/26/86,M ,Married,US Citizen,No,White,3/30/2015,,N/A - still employed,Active,IT/IS,Simon Roup,4.0,Pay Per Click - Google,Fully Meets,3.04,3.0,6.0,1/22/2019,0.0
50,"Salter, Jason",1111030148.0,0.0,2.0,1.0,5.0,3.0,3.0,0.0,45.0,1.0,9.0,Data Analyst ,MA,2452.0,12/17/87,M ,Divorced,US Citizen,No,Black or African American,1/5/2015,10/31/15,hours,Voluntarily Terminated,IT/IS,Simon Roup,4.0,Vendor Referral,Fully Meets,2.19,3.0,5.0,,
51,"Simard, Kramer",808010278.0,1.0,1.0,1.0,1.0,3.0,3.0,0.0,30.2,0.0,9.0,Data Analyst,MA,2110.0,02/08/70,M ,Married,US Citizen,Yes,White,1/5/2015,,N/A - still employed,Active,IT/IS,Simon Roup,4.0,Employee Referral,Fully Meets,3.32,3.0,7.0,1/14/2019,0.0
52,"Zhou, Julia",1110029732.0,0.0,0.0,0.0,1.0,3.0,3.0,0.0,31.4,0.0,9.0,Data Analyst,MA,2148.0,02/24/79,F,Single,US Citizen,No,White,3/30/2015,,N/A - still employed,Active,IT/IS,Simon Roup,4.0,Employee Referral,Fully Meets,5.0,3.0,5.0,2/1/2019,0.0
53,"Bramante, Elisa",1006020066.0,0.0,0.0,0.0,1.0,5.0,4.0,0.0,60.0,0.0,10.0,Director of Operations,MA,2030.0,03/19/83,F,Single,US Citizen,No,Black or African American,1/5/2009,,N/A - still employed,Active,Production       ,Janet King,2.0,Other,Exceeds,3.02,5.0,0.0,2/4/2019,0.0
54,"Houlihan, Debra",1009021646.0,1.0,1.0,0.0,1.0,6.0,3.0,0.0,60.0,0.0,11.0,Director of Sales,RI,2908.0,03/17/66,F,Married,US Citizen,No,White,5/5/2014,,N/A - still employed,Active,Sales,Janet King,2.0,MBTA ads,Fully Meets,1.22,4.0,0.0,1/21/2019,0.0
55,"Foss, Jason",1192991000.0,0.0,0.0,1.0,1.0,3.0,4.0,0.0,65.0,0.0,12.0,IT Director,MA,1460.0,07/05/80,M ,Single,US Citizen,No,Black or African American,4/15/2011,,N/A - still employed,Active,IT/IS,Jennifer Zamora,5.0,Professional Society,Exceeds,3.76,5.0,5.0,1/7/2019,0.0
56,"Roup,Simon",1106026933.0,0.0,0.0,1.0,1.0,3.0,3.0,0.0,62.0,0.0,13.0,IT Manager - DB,MA,2481.0,04/05/73,M ,Single,US Citizen,No,White,1/20/2013,,N/A - still employed,Active,IT/IS,Jennifer Zamora,5.0,Professional Society,Fully Meets,2.96,5.0,7.0,2/18/2019,0.0
57,"Ruiz, Ricardo",1001175250.0,0.0,2.0,1.0,5.0,3.0,3.0,1.0,21.0,1.0,13.0,IT Manager - DB,MA,1915.0,01/04/64,M ,Divorced,US Citizen,No,Two or more races,1/9/2012,11/04/15,hours,Voluntarily Terminated,IT/IS,Jennifer Zamora,5.0,Diversity Job Fair,Fully Meets,2.51,4.0,6.0,,
58,"Monroe, Peter",1011022863.0,1.0,1.0,1.0,1.0,3.0,2.0,1.0,63.0,0.0,13.0,IT Manager - Infra,MA,2134.0,10/05/86,M ,Married,Eligible NonCitizen,Yes,Hispanic,2/15/2012,,N/A - still employed,Active,IT/IS,Jennifer Zamora,5.0,Diversity Job Fair,Needs Improvement,2.39,3.0,6.0,2/22/2019,0.0
59,"Dougall, Eric",1101023754.0,0.0,0.0,1.0,1.0,3.0,4.0,0.0,64.0,0.0,13.0,IT Manager - Support,MA,1886.0,07/09/70,M ,Single,US Citizen,No,White,1/5/2014,,N/A - still employed,Active,IT/IS,Jennifer Zamora,5.0,Professional Society,Exceeds,1.99,5.0,5.0,1/4/2019,0.0
60,"Clayton, Rick",1301052902.0,0.0,0.0,1.0,1.0,3.0,3.0,0.0,28.99,0.0,14.0,IT Support,MA,2170.0,09/05/85,M ,Single,US Citizen,No,White,9/5/2012,,N/A - still employed,Active,IT/IS,Eric Dougall,6.0,Glassdoor,Fully Meets,2.55,3.0,6.0,2/27/2019,0.0
61,"Galia, Lisa",1501072093.0,0.0,0.0,0.0,1.0,3.0,3.0,0.0,31.4,0.0,14.0,IT Support,CT,6040.0,07/06/68,F,Single,US Citizen,No,White,5/1/2010,,N/A - still employed,Active,IT/IS,Eric Dougall,6.0,Vendor Referral,Fully Meets,1.21,4.0,5.0,2/1/2019,0.0
62,"Lindsay, Leonara ",602000312.0,0.0,0.0,0.0,1.0,3.0,4.0,1.0,26.0,0.0,14.0,IT Support,CT,6070.0,10/05/88,F,Single,US Citizen,Yes,Two or more races,1/21/2011,,N/A - still employed,Active,IT/IS,Eric Dougall,6.0,Diversity Job Fair,Exceeds,4.64,4.0,5.0,1/25/2019,0.0
63,"Soto, Julia ",1203032263.0,1.0,1.0,0.0,1.0,3.0,3.0,0.0,27.49,0.0,14.0,IT Support,MA,2360.0,03/12/73,F,Married,US Citizen,No,Black or African American,6/10/2011,,N/A - still employed,Active,IT/IS,Eric Dougall,6.0,Information Session,Fully Meets,4.3,3.0,5.0,2/8/2019,0.0
64,"Bacong, Alejandro ",1212052023.0,0.0,2.0,1.0,1.0,3.0,3.0,0.0,45.0,0.0,14.0,IT Support,MA,1886.0,01/07/88,M ,Divorced,US Citizen,No,White,1/5/2015,,N/A - still employed,Active,IT/IS,Peter Monroe,7.0,Glassdoor,Fully Meets,1.84,5.0,6.0,2/18/2019,0.0
65,"Cisco, Anthony",1102024173.0,1.0,1.0,1.0,1.0,3.0,3.0,0.0,42.0,0.0,14.0,IT Support,MA,2135.0,11/24/89,M ,Married,US Citizen,Yes,White,3/30/2015,,N/A - still employed,Active,IT/IS,Peter Monroe,7.0,Information Session,Fully Meets,2.21,5.0,7.0,1/10/2019,0.0
66,"Dolan, Linda",1101023540.0,1.0,1.0,0.0,1.0,3.0,3.0,0.0,37.0,0.0,14.0,IT Support,MA,2119.0,07/18/88,F,Married,US Citizen,No,White,1/5/2015,,N/A - still employed,Active,IT/IS,Peter Monroe,7.0,Employee Referral,Fully Meets,4.11,4.0,6.0,2/25/2019,0.0
67,"Gonzalez, Maria",1988299991.0,0.0,3.0,0.0,1.0,3.0,3.0,0.0,39.0,0.0,14.0,IT Support,MA,2472.0,04/16/81,F,Separated,US Citizen,Yes,White,1/5/2015,,N/A - still employed,Active,IT/IS,Peter Monroe,7.0,Employee Referral,Fully Meets,4.61,4.0,5.0,1/28/2019,0.0
68,"Merlos, Carlos",1012023013.0,0.0,0.0,1.0,1.0,3.0,1.0,0.0,43.0,0.0,15.0,Network Engineer,MA,2138.0,06/18/87,M ,Single,US Citizen,No,White,3/30/2015,,N/A - still employed,Active,IT/IS,Peter Monroe,7.0,Vendor Referral,PIP,1.2,3.0,6.0,2/4/2019,0.0
69,"Morway, Tanya",1001956578.0,1.0,1.0,0.0,1.0,3.0,3.0,0.0,27.0,0.0,15.0,Network Engineer,MA,2048.0,04/04/79,F,Married,US Citizen,No,White,2/16/2015,,N/A - still employed,Active,IT/IS,Peter Monroe,7.0,Monster.com,Fully Meets,3.81,3.0,6.0,2/11/2019,0.0
70,"Shepard, Anita ",906014183.0,1.0,1.0,0.0,1.0,3.0,3.0,0.0,47.0,0.0,15.0,Network Engineer,MA,1773.0,04/14/81,F,Married,US Citizen,No,White,9/30/2014,,N/A - still employed,Active,IT/IS,Peter Monroe,7.0,Vendor Referral,Fully Meets,3.31,3.0,6.0,1/7/2019,0.0
71,"Tredinnick, Neville ",1104025466.0,1.0,1.0,1.0,5.0,3.0,3.0,0.0,28.0,1.0,15.0,Network Engineer,MA,1420.0,05/05/88,M ,Married,US Citizen,No,White,1/5/2015,05/12/15,medical issues,Voluntarily Terminated,IT/IS,Peter Monroe,7.0,Monster.com,Fully Meets,5.0,3.0,5.0,,
72,"Turpin, Jumil",1411071506.0,1.0,1.0,1.0,1.0,3.0,3.0,0.0,49.1,0.0,15.0,Network Engineer,MA,2343.0,03/31/69,M ,Married,Eligible NonCitizen,No,White,3/30/2015,,N/A - still employed,Active,IT/IS,Peter Monroe,7.0,Employee Referral,Fully Meets,5.0,4.0,7.0,1/14/2019,0.0
73,"King, Janet",1001495124.0,1.0,1.0,0.0,1.0,2.0,3.0,0.0,80.0,0.0,16.0,President & CEO,MA,1902.0,09/21/54,F,Married,US Citizen,Yes,White,7/2/2012,,N/A - still employed,Active,Executive Office,Board of Directors,9.0,Pay Per Click - Google,Fully Meets,4.83,3.0,0.0,1/17/2019,0.0
74,"Albert, Michael  ",1501072311.0,0.0,2.0,1.0,1.0,5.0,3.0,0.0,54.5,0.0,17.0,Production Manager,MA,2169.0,10/10/68,M ,Divorced,US Citizen,No,White,8/1/2011,,N/A - still employed,Active,Production       ,Janet King,2.0,Employee Referral,Fully Meets,3.93,3.0,0.0,2/27/2019,0.0
75,"Bozzi, Charles",1303054580.0,0.0,0.0,1.0,5.0,5.0,3.0,0.0,50.5,1.0,18.0,Production Manager,MA,1901.0,03/10/70,M ,Single,US Citizen,No,Asian,9/30/2013,08/07/14,retiring,Voluntarily Terminated,Production       ,Janet King,2.0,Billboard,Fully Meets,3.39,3.0,0.0,,
76,"Butler, Webster  L",1110029990.0,0.0,0.0,1.0,1.0,5.0,4.0,0.0,55.0,0.0,18.0,Production Manager,MA,2169.0,08/09/83,M ,Single,US Citizen,No,White,1/28/2016,,N/A - still employed,Active,Production       ,Janet King,2.0,Pay Per Click - Google,Exceeds,5.0,3.0,0.0,2/22/2019,0.0
77,"Dunn, Amy  ",1409070147.0,0.0,0.0,0.0,1.0,5.0,3.0,0.0,51.0,0.0,18.0,Production Manager,MA,1731.0,11/28/73,F,Single,US Citizen,No,White,9/18/2014,,N/A - still employed,Active,Production       ,Janet King,2.0,Search Engine - Google Bing Yahoo,Fully Meets,4.52,4.0,0.0,1/15/2019,0.0
78,"Gray, Elijiah  ",1307060077.0,0.0,2.0,1.0,1.0,5.0,3.0,0.0,54.0,0.0,18.0,Production Manager,MA,1752.0,07/11/81,M ,Divorced,US Citizen,No,White,6/2/2015,,N/A - still employed,Active,Production       ,Janet King,2.0,Employee Referral,Fully Meets,4.63,3.0,0.0,1/4/2019,0.0
79,"Hogland, Jonathan ",1001944783.0,1.0,1.0,1.0,4.0,5.0,3.0,0.0,48.5,1.0,18.0,Production Manager,MA,1890.0,07/01/72,M ,Married,US Citizen,No,White,1/10/2011,12/12/15,attendance,Terminated for Cause,Production       ,Janet King,2.0,Employee Referral,Fully Meets,4.78,4.0,0.0,,
80,"Immediato, Walter",1403065874.0,1.0,1.0,1.0,5.0,5.0,2.0,0.0,42.0,1.0,18.0,Production Manager,MA,2128.0,11/15/76,M ,Married,US Citizen,No,Asian,2/21/2011,09/24/12,unhappy,Voluntarily Terminated,Production       ,Janet King,2.0,Other,Needs Improvement,2.34,2.0,0.0,,
81,"Liebig, Ketsia",1103024679.0,1.0,1.0,0.0,1.0,5.0,4.0,0.0,55.0,0.0,18.0,Production Manager,MA,2110.0,10/26/81,F,Married,US Citizen,No,White,9/30/2013,,N/A - still employed,Active,Production       ,Janet King,2.0,Website Banner Ads,Exceeds,3.66,3.0,0.0,1/21/2019,0.0
82,"Miller, Brannon",1107027351.0,0.0,0.0,1.0,1.0,5.0,3.0,0.0,53.0,0.0,18.0,Production Manager,MA,2045.0,08/10/81,M ,Single,US Citizen,yes,Hispanic,8/16/2012,,N/A - still employed,Active,Production       ,Janet King,2.0,Internet Search,Fully Meets,4.37,3.0,0.0,1/14/2019,0.0
83,"Peterson, Ebonee  ",1402065355.0,1.0,1.0,0.0,5.0,5.0,3.0,0.0,38.5,1.0,18.0,Production Manager,MA,2030.0,05/09/77,F,Married,US Citizen,No,White,10/25/2010,05/18/16,Another position,Voluntarily Terminated,Production       ,Janet King,2.0,Internet Search,Fully Meets,4.16,5.0,0.0,,
84,"Spirea, Kelley",1102024149.0,1.0,1.0,0.0,1.0,5.0,3.0,0.0,52.0,0.0,18.0,Production Manager,MA,2451.0,09/30/75,F,Married,US Citizen,No,White,10/2/2012,,N/A - still employed,Active,Production       ,Janet King,2.0,Vendor Referral,Fully Meets,4.83,5.0,0.0,2/14/2019,0.0
85,"Stanley, David ",1000974650.0,0.0,2.0,1.0,1.0,5.0,2.0,0.0,53.0,0.0,18.0,Production Manager,MA,1803.0,12/17/75,M ,Divorced,US Citizen,No,White,7/20/2010,,N/A - still employed,Active,Production       ,Janet King,2.0,Monster.com,Needs Improvement,4.13,2.0,0.0,1/14/2019,0.0
86,"Sullivan, Kissy ",1405067298.0,1.0,1.0,0.0,1.0,5.0,3.0,0.0,55.0,0.0,18.0,Production Manager,MA,1776.0,03/28/78,F,Married,US Citizen,No,Black or African American,1/8/2009,,N/A - still employed,Active,Production       ,Janet King,2.0,Billboard,Fully Meets,3.73,4.0,0.0,1/24/2019,0.0
87,"Wallace, Courtney  E",1410071026.0,1.0,1.0,0.0,5.0,5.0,3.0,1.0,33.5,1.0,18.0,Production Manager,MA,2478.0,11/14/55,F,Married,US Citizen,No,Black or African American,9/26/2011,01/02/12,Another position,Voluntarily Terminated,Production       ,Janet King,2.0,Diversity Job Fair,Fully Meets,1.18,3.0,0.0,,
88,"Anderson, Linda  ",1304055947.0,0.0,0.0,0.0,1.0,5.0,4.0,0.0,23.0,0.0,19.0,Production Technician I,MA,1844.0,05/22/77,F,Single,US Citizen,No,White,1/9/2012,,N/A - still employed,Active,Production       ,Amy Dunn,11.0,MBTA ads,Exceeds,5.0,5.0,0.0,1/7/2019,0.0
89,"Bernstein, Sean",1109029366.0,0.0,0.0,1.0,1.0,5.0,3.0,0.0,16.0,0.0,19.0,Production Technician I,MA,2072.0,12/22/70,M ,Single,US Citizen,Yes,White,4/2/2012,,N/A - still employed,Active,Production       ,Amy Dunn,11.0,Word of Mouth,Fully Meets,5.0,3.0,0.0,1/14/2019,0.0
90,"Chivukula, Enola",1101023394.0,0.0,0.0,0.0,5.0,5.0,3.0,0.0,21.0,1.0,19.0,Production Technician I,MA,1775.0,08/27/83,F,Single,US Citizen,No,White,6/27/2011,11/15/15,relocation out of area,Voluntarily Terminated,Production       ,Amy Dunn,11.0,Other,Fully Meets,2.0,4.0,0.0,,
91,"Desimone, Carl ",1501072124.0,1.0,1.0,1.0,1.0,5.0,1.0,0.0,20.0,0.0,19.0,Production Technician I,MA,2061.0,04/19/67,M ,Married,US Citizen,No,White,7/7/2014,,N/A - still employed,Active,Production       ,Amy Dunn,11.0,Professional Society,PIP,1.12,2.0,0.0,1/31/2019,0.0
92,"Fernandes, Nilson  ",1302053339.0,1.0,1.0,1.0,1.0,5.0,1.0,0.0,18.0,0.0,19.0,Production Technician I,MA,2132.0,10/18/89,M ,Married,US Citizen,No,White,5/11/2015,,N/A - still employed,Active,Production       ,Amy Dunn,11.0,Professional Society,PIP,1.56,5.0,0.0,1/3/2019,0.0
93,"Girifalco, Evelyn",1204032927.0,0.0,0.0,0.0,1.0,5.0,4.0,0.0,16.0,0.0,19.0,Production Technician I,MA,2451.0,05/08/80,F,Single,US Citizen,Yes,Two or more races,9/29/2014,,N/A - still employed,Active,Production       ,Amy Dunn,11.0,Professional Society,Exceeds,3.39,4.0,0.0,2/7/2019,0.0
94,"Harrison, Kara",1404066622.0,1.0,1.0,0.0,1.0,5.0,4.0,0.0,20.0,0.0,19.0,Production Technician I,MA,1886.0,05/02/74,F,Married,US Citizen,No,White,5/12/2014,,N/A - still employed,Active,Production       ,Amy Dunn,11.0,Monster.com,Exceeds,4.76,4.0,0.0,2/15/2019,0.0
95,"Kirill, Alexandra  ",903013071.0,1.0,1.0,0.0,5.0,5.0,3.0,0.0,24.0,1.0,19.0,Production Technician I,MA,2127.0,10/08/70,F,Married,US Citizen,No,White,9/26/2011,01/09/12,more money,Voluntarily Terminated,Production       ,Amy Dunn,11.0,Search Engine - Google Bing Yahoo,Fully Meets,3.49,4.0,0.0,,
96,"MacLennan, Samuel",1201031032.0,0.0,4.0,1.0,5.0,5.0,3.0,0.0,15.0,1.0,19.0,Production Technician I,MA,1938.0,11/09/72,M ,Widowed,US Citizen,No,White,9/24/2012,09/26/12,hours,Voluntarily Terminated,Production       ,Amy Dunn,11.0,Pay Per Click,Fully Meets,3.08,4.0,0.0,,
97,"Ndzi, Horia",1204033044.0,1.0,1.0,1.0,5.0,5.0,3.0,0.0,22.0,1.0,19.0,Production Technician I,MA,2421.0,03/28/83,M ,Married,US Citizen,No,White,4/1/2013,05/25/16,more money,Voluntarily Terminated,Production       ,Amy Dunn,11.0,Employee Referral,Fully Meets,3.18,3.0,0.0,,
98,"Perry, Shakira",1109029186.0,0.0,0.0,0.0,5.0,5.0,3.0,0.0,22.0,1.0,19.0,Production Technician I,MA,2176.0,07/20/86,F,Single,US Citizen,No,White,5/16/2011,10/25/15,medical issues,Voluntarily Terminated,Production       ,Amy Dunn,11.0,MBTA ads,Fully Meets,3.45,4.0,0.0,,
99,"Robinson, Alain  ",1206038000.0,1.0,1.0,1.0,5.0,5.0,3.0,0.0,24.0,1.0,19.0,Production Technician I,MA,1420.0,01/07/74,M ,Married,US Citizen,No,Black or African American,1/10/2011,01/26/16,attendance,Voluntarily Terminated,Production       ,Amy Dunn,11.0,Glassdoor,Fully Meets,5.0,3.0,0.0,,
100,"Shields, Seffi",1205033102.0,1.0,1.0,0.0,1.0,5.0,3.0,0.0,15.0,0.0,19.0,Production Technician I,MA,2149.0,08/24/85,F,Married,US Citizen,No,White,8/19/2013,,N/A - still employed,Active,Production       ,Amy Dunn,11.0,Newspager/Magazine,Fully Meets,4.81,4.0,0.0,2/15/2019,0.0
101,"Theamstern, Sophia",1404066739.0,0.0,0.0,0.0,5.0,5.0,3.0,0.0,20.0,1.0,19.0,Production Technician I,MA,2066.0,05/09/65,F,Single,US Citizen,No,White,7/5/2011,09/05/11,return to school,Voluntarily Terminated,Production       ,Amy Dunn,11.0,Billboard,Fully Meets,3.98,4.0,0.0,,
102,"Wilber, Barry",1101023839.0,1.0,1.0,1.0,5.0,5.0,3.0,0.0,21.0,1.0,19.0,Production Technician I,MA,2324.0,09/09/65,M ,Married,Eligible NonCitizen,No,White,5/16/2011,09/07/15,unhappy,Voluntarily Terminated,Production       ,Amy Dunn,11.0,Website Banner Ads,Fully Meets,5.0,3.0,0.0,,
103,"Bachiochi, Linda",1212051409.0,0.0,0.0,0.0,3.0,5.0,3.0,1.0,22.0,0.0,19.0,Production Technician I,MA,1902.0,02/11/70,F,Single,US Citizen,No,Two or more races,7/6/2009,,N/A - still employed,Leave of Absence,Production       ,Brannon Miller,12.0,Diversity Job Fair,Fully Meets,4.46,3.0,0.0,1/25/2019,0.0
104,"Billis, Helen",1308060366.0,1.0,1.0,0.0,1.0,5.0,4.0,0.0,16.0,0.0,19.0,Production Technician I,MA,2031.0,09/01/89,F,Married,US Citizen,No,White,7/7/2014,,N/A - still employed,Active,Production       ,Brannon Miller,12.0,Professional Society,Exceeds,5.0,3.0,0.0,2/27/2019,0.0
105,"Clukey, Elijian",1407069280.0,1.0,1.0,1.0,2.0,5.0,4.0,0.0,24.75,0.0,19.0,Production Technician I,MA,2134.0,08/26/80,M ,Married,US Citizen,No,White,7/6/2016,,N/A - Has not started yet,Future Start,Production       ,Brannon Miller,12.0,Employee Referral,Exceeds,1.97,4.0,0.0,2/28/2019,0.0
106,"DiNocco, Lily ",1209048696.0,1.0,1.0,0.0,1.0,5.0,2.0,0.0,22.0,0.0,19.0,Production Technician I,MA,2351.0,12/02/78,F,Married,US Citizen,No,Black or African American,1/7/2013,,N/A - still employed,Active,Production       ,Brannon Miller,12.0,Pay Per Click - Google,Needs Improvement,3.88,4.0,0.0,1/18/2019,0.0
107,"Fidelia,  Libby",1006020020.0,1.0,1.0,0.0,1.0,5.0,3.0,0.0,24.0,0.0,19.0,Production Technician I,MA,2155.0,03/16/81,F,Married,US Citizen,No,White,1/9/2012,,N/A - still employed,Active,Production       ,Brannon Miller,12.0,Social Networks - Facebook Twitter etc,Fully Meets,5.0,5.0,0.0,1/29/2019,0.0
108,"Gonzalez, Cayo",1411071212.0,0.0,2.0,1.0,1.0,5.0,4.0,1.0,16.0,0.0,19.0,Production Technician I,MA,2108.0,09/29/69,M ,Divorced,US Citizen,No,American Indian or Alaska Native,7/11/2011,,N/A - still employed,Active,Production       ,Brannon Miller,12.0,Diversity Job Fair,Exceeds,1.83,4.0,0.0,2/18/2019,0.0
109,"Ivey, Rose ",1408069882.0,0.0,0.0,0.0,1.0,5.0,3.0,0.0,16.0,0.0,19.0,Production Technician I,MA,1775.0,01/28/91,F,Single,US Citizen,No,White,8/19/2013,,N/A - still employed,Active,Production       ,Brannon Miller,12.0,Professional Society,Fully Meets,3.99,3.0,0.0,1/14/2019,0.0
110,"Kretschmer, John",1311062610.0,1.0,1.0,1.0,1.0,5.0,3.0,0.0,21.0,0.0,19.0,Production Technician I,MA,1801.0,02/02/80,M ,Married,US Citizen,No,Asian,1/10/2011,,N/A - still employed,Active,Production       ,Brannon Miller,12.0,Pay Per Click - Google,Fully Meets,3.38,3.0,0.0,1/21/2019,0.0
111,"Mangal, Debbie",1308060754.0,1.0,1.0,0.0,1.0,5.0,3.0,0.0,23.0,0.0,19.0,Production Technician I,MA,2451.0,11/07/74,F,Married,US Citizen,No,White,11/11/2013,,N/A - still employed,Active,Production       ,Brannon Miller,12.0,On-campus Recruiting,Fully Meets,1.04,3.0,0.0,1/22/2019,0.0
112,"Ngodup, Shari ",1403066020.0,0.0,3.0,0.0,1.0,5.0,4.0,1.0,15.0,0.0,19.0,Production Technician I,MA,1810.0,06/03/67,F,Separated,US Citizen,No,Asian,4/1/2013,,N/A - still employed,Active,Production       ,Brannon Miller,12.0,Diversity Job Fair,Exceeds,1.12,3.0,0.0,2/13/2019,0.0
113,"Pham, Hong",1305057440.0,1.0,1.0,1.0,5.0,5.0,3.0,0.0,18.0,1.0,19.0,Production Technician I,MA,2451.0,03/06/88,M ,Married,US Citizen,No,White,7/5/2011,11/30/12,more money,Voluntarily Terminated,Production       ,Brannon Miller,12.0,Search Engine - Google Bing Yahoo,Fully Meets,5.0,3.0,0.0,,
114,"Robinson, Elias",1011022887.0,0.0,4.0,1.0,1.0,5.0,4.0,0.0,17.0,0.0,19.0,Production Technician I,MA,1730.0,01/28/85,M ,Widowed,US Citizen,No,White,7/8/2013,,N/A - still employed,Active,Production       ,Brannon Miller,12.0,Employee Referral,Exceeds,3.02,5.0,0.0,2/11/2019,0.0
115,"Sparks, Taylor  ",1410071137.0,1.0,1.0,0.0,1.0,5.0,1.0,0.0,16.0,0.0,19.0,Production Technician I,MA,2093.0,07/20/68,F,Married,US Citizen,No,White,2/20/2012,,N/A - still employed,Active,Production       ,Brannon Miller,12.0,Billboard,PIP,4.11,2.0,0.0,2/25/2019,0.0
116,"Tippett, Jeanette",1409070255.0,0.0,2.0,0.0,1.0,5.0,3.0,0.0,24.0,0.0,19.0,Production Technician I,MA,2093.0,06/05/67,F,Divorced,US Citizen,No,Black or African American,2/18/2013,,N/A - still employed,Active,Production       ,Brannon Miller,12.0,Billboard,Fully Meets,4.21,5.0,0.0,1/14/2019,0.0
117,"Ybarra, Catherine ",1001268402.0,0.0,0.0,0.0,5.0,5.0,1.0,0.0,22.0,1.0,19.0,Production Technician I,MA,2458.0,05/04/82,F,Single,US Citizen,No,Asian,9/2/2008,09/29/15,Another position,Voluntarily Terminated,Production       ,Brannon Miller,12.0,Search Engine - Google Bing Yahoo,PIP,4.29,2.0,0.0,,
118,"Baczenski, Rachael  ",1307060083.0,1.0,1.0,0.0,5.0,5.0,3.0,1.0,17.0,1.0,19.0,Production Technician I,MA,1902.0,01/12/74,F,Married,US Citizen,Yes,Hispanic,1/10/2011,01/12/11,Another position,Voluntarily Terminated,Production       ,David Stanley,14.0,Diversity Job Fair,Fully Meets,1.79,4.0,0.0,,
119,"Brill, Donna",1406068293.0,1.0,1.0,0.0,5.0,5.0,3.0,0.0,20.0,1.0,19.0,Production Technician I,MA,1701.0,08/24/90,F,Married,US Citizen,No,White,4/2/2012,06/15/13,Another position,Voluntarily Terminated,Production       ,David Stanley,14.0,Search Engine - Google Bing Yahoo,Fully Meets,3.35,4.0,0.0,,
120,"Cockel, James",1599991009.0,0.0,0.0,1.0,1.0,5.0,3.0,0.0,15.0,0.0,19.0,Production Technician I,MA,2452.0,09/08/77,M ,Single,US Citizen,No,White,7/8/2013,,N/A - still employed,Active,Production       ,David Stanley,14.0,Employee Referral,Fully Meets,1.51,5.0,0.0,1/14/2019,0.0
121,"Dobrin, Denisa  S",1202031618.0,0.0,0.0,0.0,1.0,5.0,3.0,0.0,16.75,0.0,19.0,Production Technician I,MA,2125.0,10/07/86,F,Single,US Citizen,Yes,White,4/2/2012,,N/A - still employed,Active,Production       ,David Stanley,14.0,Monster.com,Fully Meets,2.79,5.0,0.0,2/19/2019,0.0
122,"Garcia, Raul",1309061015.0,0.0,0.0,1.0,1.0,5.0,3.0,0.0,19.0,0.0,19.0,Production Technician I,MA,1905.0,09/15/85,M ,Single,US Citizen,Yes,White,3/30/2015,,N/A - still employed,Active,Production       ,David Stanley,14.0,Employee Referral,Fully Meets,4.5,3.0,0.0,2/18/2019,0.0
123,"Gordon, David",1106026579.0,1.0,1.0,1.0,1.0,5.0,3.0,0.0,15.0,0.0,19.0,Production Technician I,MA,2169.0,05/21/79,M ,Married,US Citizen,No,White,7/2/2012,,N/A - still employed,Active,Production       ,David Stanley,14.0,MBTA ads,Fully Meets,5.0,3.0,0.0,1/14/2019,0.0
124,"Jackson, Maryellen",1201031438.0,0.0,0.0,0.0,1.0,5.0,3.0,0.0,20.0,0.0,19.0,Production Technician I,MA,2081.0,09/11/72,F,Single,US Citizen,No,White,11/5/2012,,N/A - still employed,Active,Production       ,David Stanley,14.0,Newspager/Magazine,Fully Meets,2.32,3.0,0.0,1/17/2019,0.0
125,"Langton, Enrico",1304055987.0,1.0,1.0,1.0,1.0,5.0,3.0,0.0,17.0,0.0,19.0,Production Technician I,MA,2048.0,12/09/86,M ,Married,US Citizen,No,White,7/9/2012,,N/A - still employed,Active,Production       ,David Stanley,14.0,Newspager/Magazine,Fully Meets,5.0,5.0,0.0,2/4/2019,0.0
126,"Maurice, Shana",1401064327.0,1.0,1.0,0.0,1.0,5.0,3.0,0.0,20.0,0.0,19.0,Production Technician I,MA,2330.0,11/22/77,F,Married,US Citizen,No,White,5/31/2011,,N/A - still employed,Active,Production       ,David Stanley,14.0,Other,Fully Meets,5.0,4.0,0.0,1/10/2019,0.0
127,"Nguyen, Lei-Ming",1203032357.0,0.0,0.0,0.0,1.0,5.0,3.0,0.0,19.0,0.0,19.0,Production Technician I,MA,2132.0,07/07/84,F,Single,US Citizen,No,White,7/8/2013,,N/A - still employed,Active,Production       ,David Stanley,14.0,Vendor Referral,Fully Meets,2.79,5.0,0.0,1/2/2019,0.0
128,"Pitt, Brad ",1001735072.0,0.0,0.0,1.0,1.0,5.0,3.0,0.0,17.0,0.0,19.0,Production Technician I,MA,2451.0,11/23/81,M ,Single,US Citizen,No,Black or African American,11/5/2007,,N/A - still employed,Active,Production       ,David Stanley,14.0,Search Engine - Google Bing Yahoo,Fully Meets,3.66,3.0,0.0,2/25/2019,0.0
129,"Rose, Ashley  ",710007555.0,0.0,3.0,0.0,1.0,5.0,3.0,0.0,17.0,0.0,19.0,Production Technician I,MA,1886.0,12/05/74,F,Separated,US Citizen,No,White,1/6/2014,,N/A - still employed,Active,Production       ,David Stanley,14.0,Website Banner Ads,Fully Meets,5.0,4.0,0.0,1/31/2019,0.0
130,"Squatrito, Kristen",1405067138.0,0.0,2.0,0.0,5.0,5.0,4.0,0.0,21.0,1.0,19.0,Production Technician I,MA,2359.0,03/26/73,F,Divorced,US Citizen,No,White,5/13/2013,06/29/15,unhappy,Voluntarily Terminated,Production       ,David Stanley,14.0,MBTA ads,Exceeds,1.97,4.0,0.0,,
131,"Trang, Mei",1012023152.0,0.0,0.0,0.0,1.0,5.0,2.0,0.0,22.0,0.0,19.0,Production Technician I,MA,2021.0,05/16/83,F,Single,US Citizen,No,White,2/17/2014,,N/A - still employed,Active,Production       ,David Stanley,14.0,Professional Society,Needs Improvement,2.44,5.0,0.0,2/11/2019,0.0
132,"Zima, Colleen",1211051232.0,0.0,4.0,0.0,1.0,5.0,3.0,0.0,15.0,0.0,19.0,Production Technician I,MA,1730.0,08/17/78,F,Widowed,US Citizen,No,Asian,9/29/2014,,N/A - still employed,Active,Production       ,David Stanley,14.0,On-campus Recruiting,Fully Meets,1.24,5.0,0.0,1/30/2019,0.0
133,"Alagbe,Trina",1011022883.0,1.0,1.0,0.0,1.0,5.0,3.0,0.0,21.0,0.0,19.0,Production Technician I,MA,1886.0,09/27/88,F,Married,US Citizen,No,White,1/7/2008,,N/A - still employed,Active,Production       ,Elijiah Gray,16.0,Billboard,Fully Meets,4.84,5.0,0.0,1/3/2019,0.0
134,"Beatrice, Courtney ",1403066194.0,0.0,0.0,0.0,1.0,5.0,3.0,0.0,22.0,0.0,19.0,Production Technician I,MA,1915.0,10/27/70,F,Single,Eligible NonCitizen,No,White,4/4/2011,,N/A - still employed,Active,Production       ,Elijiah Gray,16.0,Search Engine - Google Bing Yahoo,Fully Meets,5.0,5.0,0.0,1/14/2019,0.0
135,"Chan, Lin",1305057282.0,0.0,0.0,0.0,1.0,5.0,3.0,0.0,19.5,0.0,19.0,Production Technician I,MA,2170.0,02/12/79,F,Single,US Citizen,No,White,5/12/2014,,N/A - still employed,Active,Production       ,Elijiah Gray,16.0,Internet Search,Fully Meets,2.73,4.0,0.0,2/19/2019,0.0
136,"Darson, Jene'ya ",1001109612.0,1.0,1.0,0.0,1.0,5.0,3.0,0.0,15.0,0.0,19.0,Production Technician I,MA,2110.0,11/05/78,F,Married,US Citizen,No,White,7/2/2012,,N/A - still employed,Active,Production       ,Elijiah Gray,16.0,Billboard,Fully Meets,5.0,3.0,0.0,2/25/2019,0.0
137,"Evensen, April",1107027392.0,0.0,0.0,0.0,4.0,5.0,2.0,0.0,18.0,1.0,19.0,Production Technician I,MA,2458.0,05/06/89,F,Single,US Citizen,No,White,2/17/2014,02/25/14,"no-call, no-show",Terminated for Cause,Production       ,Elijiah Gray,16.0,Word of Mouth,Needs Improvement,1.04,3.0,0.0,,
138,"Gerke, Melisa",1308060622.0,0.0,2.0,0.0,5.0,5.0,3.0,1.0,22.0,1.0,19.0,Production Technician I,MA,2330.0,05/15/70,F,Divorced,US Citizen,No,White,11/7/2011,11/15/11,hours,Voluntarily Terminated,Production       ,Elijiah Gray,16.0,Diversity Job Fair,Fully Meets,4.24,4.0,0.0,,
139,"Harrell, Ludwick",1406068241.0,1.0,1.0,1.0,1.0,5.0,3.0,0.0,21.0,0.0,19.0,Production Technician I,MA,1776.0,09/02/82,M ,Married,US Citizen,No,Asian,5/14/2012,,N/A - still employed,Active,Production       ,Elijiah Gray,16.0,Search Engine - Google Bing Yahoo,Fully Meets,1.83,3.0,0.0,2/22/2019,0.0
140,"Jung, Judy  ",1107027450.0,1.0,1.0,0.0,5.0,5.0,3.0,0.0,21.0,1.0,19.0,Production Technician I,MA,2446.0,04/17/86,F,Married,US Citizen,No,White,1/10/2011,04/01/16,unhappy,Voluntarily Terminated,Production       ,Elijiah Gray,16.0,Monster.com,Fully Meets,4.0,4.0,0.0,,
141,"Lydon, Allison",1101023353.0,1.0,1.0,0.0,3.0,5.0,3.0,0.0,20.0,0.0,19.0,Production Technician I,MA,2122.0,10/22/75,F,Married,US Citizen,No,Black or African American,2/16/2015,,N/A - still employed,Leave of Absence,Production       ,Elijiah Gray,16.0,Website Banner Ads,Fully Meets,5.0,3.0,0.0,1/23/2019,0.0
142,"Motlagh,  Dawn",1102024121.0,0.0,2.0,0.0,1.0,5.0,3.0,0.0,15.0,0.0,19.0,Production Technician I,MA,2453.0,07/07/84,F,Divorced,US Citizen,No,White,4/1/2013,,N/A - still employed,Active,Production       ,Elijiah Gray,16.0,MBTA ads,Fully Meets,1.76,4.0,0.0,1/17/2019,0.0
143,"Panjwani, Nina",1109029531.0,1.0,1.0,0.0,5.0,5.0,3.0,0.0,18.0,1.0,19.0,Production Technician I,MA,2351.0,05/01/79,F,Married,US Citizen,No,White,2/7/2011,01/12/14,Another position,Voluntarily Terminated,Production       ,Elijiah Gray,16.0,Social Networks - Facebook Twitter etc,Fully Meets,3.89,4.0,0.0,,
144,"Rhoads, Thomas",1211050793.0,0.0,2.0,1.0,5.0,5.0,3.0,0.0,20.0,1.0,19.0,Production Technician I,MA,2176.0,07/22/82,M ,Divorced,US Citizen,Yes,White,5/16/2011,01/15/16,retiring,Voluntarily Terminated,Production       ,Elijiah Gray,16.0,Professional Society,Fully Meets,5.0,4.0,0.0,,
145,"Sander, Kamrin",1302053362.0,1.0,1.0,0.0,1.0,5.0,3.0,0.0,21.0,0.0,19.0,Production Technician I,MA,2154.0,07/10/88,F,Married,US Citizen,No,Black or African American,9/29/2014,,N/A - still employed,Active,Production       ,Elijiah Gray,16.0,On-campus Recruiting,Fully Meets,3.51,3.0,0.0,2/18/2019,0.0
146,"Sutwell, Barbara",1407069061.0,0.0,0.0,0.0,1.0,5.0,3.0,0.0,14.0,0.0,19.0,Production Technician I,MA,2718.0,08/15/68,F,Single,Eligible NonCitizen,No,Asian,5/14/2012,,N/A - still employed,Active,Production       ,Elijiah Gray,16.0,Glassdoor,Fully Meets,2.77,5.0,0.0,1/31/2019,0.0
147,"Wallace, Theresa",1101023619.0,0.0,0.0,0.0,5.0,5.0,2.0,0.0,15.0,1.0,19.0,Production Technician I,MA,1887.0,08/02/80,F,Single,US Citizen,No,White,8/13/2012,09/01/15,career change,Voluntarily Terminated,Production       ,Elijiah Gray,16.0,Monster.com,Needs Improvement,1.27,3.0,0.0,,
148,"Barone, Francesco  A",1101023679.0,0.0,0.0,1.0,1.0,5.0,3.0,0.0,16.76,0.0,19.0,Production Technician I,MA,1810.0,07/20/83,M ,Single,US Citizen,No,Two or more races,2/20/2012,,N/A - still employed,Active,Production       ,Kelley Spirea,18.0,Social Networks - Facebook Twitter etc,Fully Meets,1.41,4.0,0.0,2/14/2019,0.0
149,"Carey, Michael  ",1311063114.0,0.0,0.0,1.0,1.0,5.0,3.0,0.0,20.0,0.0,19.0,Production Technician I,MA,1701.0,02/02/83,M ,Single,US Citizen,No,Black or African American,3/31/2014,,N/A - still employed,Active,Production       ,Kelley Spirea,18.0,MBTA ads,Fully Meets,4.43,3.0,0.0,2/1/2019,0.0
150,"Cornett, Lisa ",1403066069.0,1.0,1.0,0.0,1.0,5.0,3.0,0.0,15.75,0.0,19.0,Production Technician I,MA,2189.0,03/31/77,F,Married,US Citizen,Yes,White,1/5/2015,,N/A - still employed,Active,Production       ,Kelley Spirea,18.0,Billboard,Fully Meets,4.73,5.0,0.0,2/14/2019,0.0
151,"Engdahl, Jean",1007020403.0,0.0,0.0,1.0,1.0,5.0,3.0,0.0,21.25,0.0,19.0,Production Technician I,MA,2026.0,05/31/74,M ,Single,US Citizen,No,White,11/10/2014,,N/A - still employed,Active,Production       ,Kelley Spirea,18.0,MBTA ads,Fully Meets,1.86,5.0,0.0,2/13/2019,0.0
152,"England, Rex",1101023612.0,1.0,1.0,1.0,1.0,5.0,3.0,0.0,21.0,0.0,19.0,Production Technician I,MA,2045.0,08/25/78,M ,Married,US Citizen,No,White,3/31/2014,,N/A - still employed,Active,Production       ,Kelley Spirea,18.0,Employee Referral,Fully Meets,2.05,3.0,0.0,1/11/2019,0.0
153,"Gaul, Barbara",1105026041.0,0.0,0.0,0.0,1.0,5.0,3.0,0.0,24.0,0.0,19.0,Production Technician I,MA,2121.0,12/02/83,F,Single,US Citizen,Yes,Black or African American,5/16/2011,,N/A - still employed,Active,Production       ,Kelley Spirea,18.0,MBTA ads,Fully Meets,1.66,4.0,0.0,2/26/2019,0.0
154,"Gross, Paula",1103024859.0,0.0,2.0,0.0,5.0,5.0,3.0,0.0,14.0,1.0,19.0,Production Technician I,MA,2176.0,05/21/83,F,Divorced,US Citizen,No,White,2/21/2011,01/11/14,more money,Voluntarily Terminated,Production       ,Kelley Spirea,18.0,Monster.com,Fully Meets,5.0,5.0,0.0,,
155,"Jhaveri, Sneha  ",1412071713.0,0.0,3.0,0.0,1.0,5.0,3.0,0.0,19.0,0.0,19.0,Production Technician I,MA,2109.0,04/13/64,F,Separated,US Citizen,No,White,1/6/2014,,N/A - still employed,Active,Production       ,Kelley Spirea,18.0,On-campus Recruiting,Fully Meets,5.0,5.0,0.0,1/21/2019,0.0
156,"LeBel, Jonathan  R",1107027575.0,0.0,0.0,1.0,4.0,5.0,3.0,0.0,15.0,1.0,19.0,Production Technician I,MA,2050.0,10/18/81,M ,Single,US Citizen,No,White,2/21/2011,08/04/11,attendance,Terminated for Cause,Production       ,Kelley Spirea,18.0,Social Networks - Facebook Twitter etc,Fully Meets,5.0,4.0,0.0,,
157,"Meads, Elizabeth",1409070245.0,0.0,0.0,0.0,5.0,5.0,3.0,1.0,14.0,1.0,19.0,Production Technician I,MA,1760.0,05/30/68,F,Single,US Citizen,No,Black or African American,4/2/2012,11/11/15,Another position,Voluntarily Terminated,Production       ,Kelley Spirea,18.0,Diversity Job Fair,Fully Meets,4.18,4.0,0.0,,
158,"Osturnka, Adeel",1404066949.0,1.0,1.0,1.0,1.0,5.0,4.0,0.0,16.0,0.0,19.0,Production Technician I,MA,2478.0,12/11/76,M ,Married,US Citizen,No,White,9/30/2013,,N/A - still employed,Active,Production       ,Kelley Spirea,18.0,On-campus Recruiting,Exceeds,2.86,3.0,0.0,2/7/2019,0.0
159,"Punjabhi, Louis  ",1401064562.0,0.0,0.0,1.0,1.0,5.0,3.0,0.0,16.0,0.0,19.0,Production Technician I,MA,2109.0,06/19/61,M ,Single,US Citizen,No,White,1/6/2014,,N/A - still employed,Active,Production       ,Kelley Spirea,18.0,Employee Referral,Fully Meets,2.45,3.0,0.0,1/7/2019,0.0
160,"Saar-Beckles, Melinda",1410070998.0,0.0,0.0,0.0,2.0,5.0,2.0,1.0,20.0,0.0,19.0,Production Technician I,MA,1801.0,06/06/68,F,Single,US Citizen,No,Black or African American,7/4/2016,,N/A - Has not started yet,Future Start,Production       ,Kelley Spirea,18.0,Diversity Job Fair,Needs Improvement,1.12,4.0,0.0,2/18/2019,0.0
161,"Stoica, Rick",1106026896.0,1.0,1.0,1.0,1.0,5.0,3.0,0.0,22.0,0.0,19.0,Production Technician I,MA,2301.0,03/14/85,M ,Married,US Citizen,No,Asian,2/17/2014,,N/A - still employed,Active,Production       ,Kelley Spirea,18.0,On-campus Recruiting,Fully Meets,1.39,3.0,0.0,1/11/2019,0.0
162,"Volk, Colleen",1011022814.0,1.0,1.0,0.0,4.0,5.0,4.0,0.0,21.0,1.0,19.0,Production Technician I,MA,2747.0,06/03/86,F,Married,US Citizen,No,White,9/26/2011,02/08/16,gross misconduct,Terminated for Cause,Production       ,Kelley Spirea,18.0,Social Networks - Facebook Twitter etc,Exceeds,2.79,5.0,0.0,,
163,"Athwal, Sam",1301052124.0,0.0,4.0,1.0,1.0,5.0,3.0,0.0,22.0,0.0,19.0,Production Technician I,MA,2199.0,02/18/83,M ,Widowed,US Citizen,No,White,9/30/2013,,N/A - still employed,Active,Production       ,Ketsia Liebig,19.0,Employee Referral,Fully Meets,5.0,4.0,0.0,2/25/2019,0.0
164,"Biden, Lowan  M",1412071844.0,0.0,2.0,0.0,1.0,5.0,3.0,0.0,22.0,0.0,19.0,Production Technician I,MA,2027.0,12/27/58,F,Divorced,US Citizen,No,Asian,8/19/2013,,N/A - still employed,Active,Production       ,Ketsia Liebig,19.0,Billboard,Fully Meets,2.39,3.0,0.0,1/10/2019,0.0
165,"Cierpiszewski, Caroline  ",1012023295.0,0.0,0.0,0.0,1.0,5.0,3.0,0.0,22.0,0.0,19.0,Production Technician I,MA,2044.0,05/31/88,F,Single,Non-Citizen,No,Black or African American,10/3/2011,,N/A - still employed,Active,Production       ,Ketsia Liebig,19.0,Pay Per Click - Google,Fully Meets,3.58,5.0,0.0,1/30/2019,0.0
166,"Dickinson, Geoff ",706006285.0,0.0,0.0,1.0,1.0,5.0,3.0,0.0,21.0,0.0,19.0,Production Technician I,MA,2180.0,11/15/82,M ,Single,US Citizen,No,White,5/12/2014,,N/A - still employed,Active,Production       ,Ketsia Liebig,19.0,Pay Per Click - Google,Fully Meets,1.13,4.0,0.0,2/19/2019,0.0
167,"Ferreira, Violeta",803009012.0,0.0,0.0,0.0,1.0,5.0,3.0,0.0,23.0,0.0,19.0,Production Technician I,MA,2176.0,06/10/86,F,Single,US Citizen,No,White,2/20/2012,,N/A - still employed,Active,Production       ,Ketsia Liebig,19.0,Newspager/Magazine,Fully Meets,1.85,4.0,0.0,1/7/2019,0.0
168,"Gold, Shenice  ",1408069539.0,0.0,0.0,0.0,1.0,5.0,3.0,0.0,17.0,0.0,19.0,Production Technician I,MA,2451.0,06/18/92,F,Single,US Citizen,Yes,White,11/11/2013,,N/A - still employed,Active,Production       ,Ketsia Liebig,19.0,Glassdoor,Fully Meets,1.94,5.0,0.0,2/18/2019,0.0
169,"Heitzman, Anthony",1002017900.0,0.0,0.0,1.0,1.0,5.0,3.0,0.0,19.0,0.0,19.0,Production Technician I,MA,2149.0,01/04/84,M ,Single,US Citizen,No,White,8/13/2012,,N/A - still employed,Active,Production       ,Ketsia Liebig,19.0,Social Networks - Facebook Twitter etc,Fully Meets,4.17,4.0,0.0,2/11/2019,0.0
170,"Knapp, Bradley  J",1304055683.0,0.0,0.0,1.0,1.0,5.0,3.0,0.0,14.0,0.0,19.0,Production Technician I,MA,1721.0,11/10/77,M ,Single,US Citizen,No,Black or African American,2/17/2014,,N/A - still employed,Active,Production       ,Ketsia Liebig,19.0,On-campus Recruiting,Fully Meets,2.79,3.0,0.0,2/6/2019,0.0
171,"Mahoney, Lauren  ",1209049259.0,0.0,0.0,0.0,1.0,5.0,3.0,0.0,17.0,0.0,19.0,Production Technician I,MA,2189.0,07/07/86,F,Single,US Citizen,No,White,1/6/2014,,N/A - still employed,Active,Production       ,Ketsia Liebig,19.0,Newspager/Magazine,Fully Meets,2.55,4.0,0.0,2/26/2019,0.0
172,"Newman, Richard ",1302053044.0,1.0,1.0,1.0,3.0,5.0,3.0,0.0,21.0,0.0,19.0,Production Technician I,MA,2136.0,04/08/77,M ,Married,US Citizen,No,White,5/12/2014,,N/A - still employed,Leave of Absence,Production       ,Ketsia Liebig,19.0,On-campus Recruiting,Fully Meets,5.0,5.0,0.0,2/18/2019,0.0
173,"Peterson, Kayla ",1307059944.0,1.0,1.0,0.0,1.0,5.0,3.0,0.0,17.0,0.0,19.0,Production Technician I,MA,1749.0,09/23/73,F,Married,US Citizen,No,White,4/26/2010,,N/A - still employed,Active,Production       ,Ketsia Liebig,19.0,Search Engine - Google Bing Yahoo,Fully Meets,2.72,3.0,0.0,1/21/2019,0.0
174,"Robinson, Cherly",1403065625.0,1.0,1.0,0.0,4.0,5.0,2.0,0.0,16.0,1.0,19.0,Production Technician I,MA,1460.0,01/07/85,F,Married,US Citizen,No,White,1/10/2011,05/17/16,attendance,Terminated for Cause,Production       ,Ketsia Liebig,19.0,Glassdoor,Needs Improvement,3.6,3.0,0.0,,
175,"Smith, Sade",1501071909.0,0.0,0.0,0.0,1.0,5.0,3.0,0.0,24.5,0.0,19.0,Production Technician I,MA,2130.0,02/02/65,F,Single,US Citizen,No,White,11/11/2013,,N/A - still employed,Active,Production       ,Ketsia Liebig,19.0,Employee Referral,Fully Meets,3.73,3.0,0.0,1/24/2019,0.0
176,"Tinto, Theresa  ",1103024504.0,0.0,2.0,0.0,5.0,5.0,3.0,0.0,20.0,1.0,19.0,Production Technician I,MA,1876.0,07/30/83,F,Divorced,US Citizen,No,White,1/10/2011,05/14/11,Another position,Voluntarily Terminated,Production       ,Ketsia Liebig,19.0,Social Networks - Facebook Twitter etc,Fully Meets,2.81,5.0,0.0,,
177,"Williams, Jacquelyn  ",1308060671.0,0.0,0.0,0.0,5.0,5.0,3.0,1.0,16.0,1.0,19.0,Production Technician I,MA,2109.0,10/02/69,F,Single,US Citizen,Yes,Two or more races,1/9/2012,06/27/15,relocation out of area,Voluntarily Terminated,Production       ,Ketsia Liebig,19.0,Diversity Job Fair,Fully Meets,1.44,4.0,0.0,,
178,"Barbara, Thomas",1312063507.0,1.0,1.0,1.0,5.0,5.0,3.0,1.0,22.0,1.0,19.0,Production Technician I,MA,2062.0,02/21/74,M ,Married,US Citizen,Yes,Asian,4/2/2012,09/19/12,unhappy,Voluntarily Terminated,Production       ,Kissy Sullivan,20.0,Diversity Job Fair,Fully Meets,1.98,3.0,0.0,,
179,"Bugali, Josephine ",1408069635.0,0.0,3.0,0.0,3.0,5.0,3.0,1.0,20.0,0.0,19.0,Production Technician I,MA,2043.0,10/30/69,F,Separated,US Citizen,No,Black or African American,11/11/2013,,N/A - still employed,Leave of Absence,Production       ,Kissy Sullivan,20.0,Diversity Job Fair,Fully Meets,2.83,5.0,0.0,1/21/2019,0.0
180,"Cole, Spencer",1001450968.0,0.0,0.0,1.0,4.0,5.0,2.0,0.0,15.0,1.0,19.0,Production Technician I,MA,1880.0,08/12/79,M ,Single,US Citizen,No,Black or African American,7/11/2011,09/23/12,performance,Terminated for Cause,Production       ,Kissy Sullivan,20.0,MBTA ads,Needs Improvement,1.42,3.0,0.0,,
181,"Eaton, Marianne",1406067865.0,1.0,1.0,0.0,5.0,5.0,3.0,0.0,17.0,1.0,19.0,Production Technician I,MA,2343.0,09/05/91,F,Married,US Citizen,No,White,4/4/2011,06/06/13,military,Voluntarily Terminated,Production       ,Kissy Sullivan,20.0,Search Engine - Google Bing Yahoo,Fully Meets,5.0,3.0,0.0,,
182,"Garneau, Hamish",1104025414.0,0.0,0.0,1.0,1.0,5.0,3.0,0.0,18.0,0.0,19.0,Production Technician I,MA,1550.0,04/18/80,M ,Single,US Citizen,No,Asian,7/8/2013,,N/A - still employed,Active,Production       ,Kissy Sullivan,20.0,Professional Society,Fully Meets,2.61,4.0,0.0,1/22/2019,0.0
183,"Goyal, Roxana",1312063675.0,1.0,1.0,0.0,3.0,5.0,3.0,0.0,24.0,0.0,19.0,Production Technician I,MA,1864.0,10/09/74,F,Married,US Citizen,No,Asian,8/19/2013,,N/A - still employed,Leave of Absence,Production       ,Kissy Sullivan,20.0,On-campus Recruiting,Fully Meets,1.71,5.0,0.0,2/15/2019,0.0
184,"Jacobi, Hannah  ",1503072857.0,0.0,2.0,0.0,1.0,5.0,3.0,0.0,21.0,0.0,19.0,Production Technician I,MA,1778.0,03/22/66,F,Divorced,US Citizen,No,White,9/30/2013,,N/A - still employed,Active,Production       ,Kissy Sullivan,20.0,Employee Referral,Fully Meets,2.05,5.0,0.0,2/22/2019,0.0
185,"Leach, Dallas",1408069409.0,0.0,0.0,0.0,5.0,5.0,3.0,0.0,19.0,1.0,19.0,Production Technician I,MA,1810.0,01/17/79,F,Single,US Citizen,No,Asian,9/26/2011,08/19/13,return to school,Voluntarily Terminated,Production       ,Kissy Sullivan,20.0,Monster.com,Fully Meets,4.88,3.0,0.0,,
186,"Mckenna, Sandy",909015167.0,1.0,1.0,0.0,1.0,5.0,3.0,0.0,24.0,0.0,19.0,Production Technician I,MA,2184.0,01/07/87,F,Married,US Citizen,No,Black or African American,1/7/2013,,N/A - still employed,Active,Production       ,Kissy Sullivan,20.0,Monster.com,Fully Meets,3.93,3.0,0.0,1/30/2019,0.0
187,"O'hare, Lynn",1206044851.0,0.0,0.0,0.0,4.0,5.0,1.0,0.0,18.5,1.0,19.0,Production Technician I,MA,2152.0,09/30/80,F,Single,US Citizen,No,Two or more races,3/31/2014,05/01/16,performance,Terminated for Cause,Production       ,Kissy Sullivan,20.0,Professional Society,PIP,3.09,2.0,0.0,,
188,"Power, Morissa",1102024274.0,0.0,2.0,0.0,5.0,5.0,3.0,0.0,19.0,1.0,19.0,Production Technician I,MA,1742.0,10/15/84,F,Divorced,Eligible NonCitizen,No,Asian,5/16/2011,06/04/11,Another position,Voluntarily Terminated,Production       ,Kissy Sullivan,20.0,Social Networks - Facebook Twitter etc,Fully Meets,3.17,4.0,0.0,,
189,"Purinton, Janine",1011022926.0,0.0,2.0,0.0,5.0,5.0,3.0,0.0,16.0,1.0,19.0,Production Technician I,MA,2474.0,09/22/70,F,Divorced,US Citizen,No,White,9/24/2012,06/18/13,unhappy,Voluntarily Terminated,Production       ,Kissy Sullivan,20.0,Billboard,Fully Meets,1.5,5.0,0.0,,
190,"Rossetti, Bruno",1405067492.0,0.0,0.0,1.0,5.0,5.0,3.0,0.0,18.0,1.0,19.0,Production Technician I,MA,2155.0,03/18/87,M ,Single,US Citizen,No,White,4/4/2011,08/13/12,Another position,Voluntarily Terminated,Production       ,Kissy Sullivan,20.0,Search Engine - Google Bing Yahoo,Fully Meets,5.0,5.0,0.0,,
191,"Stanford,Barbara  M",1111030244.0,0.0,2.0,0.0,1.0,5.0,3.0,0.0,14.0,0.0,19.0,Production Technician I,MA,2050.0,08/25/82,F,Divorced,US Citizen,No,Two or more races,1/10/2011,,N/A - still employed,Active,Production       ,Kissy Sullivan,20.0,Word of Mouth,Fully Meets,1.05,4.0,0.0,2/7/2019,0.0
192,"Veera, Abdellah ",1203032235.0,0.0,2.0,1.0,5.0,5.0,4.0,0.0,19.0,1.0,19.0,Production Technician I,MA,2171.0,01/31/87,M ,Divorced,US Citizen,No,White,8/13/2012,02/05/16,maternity leave - did not return,Voluntarily Terminated,Production       ,Kissy Sullivan,20.0,Information Session,Exceeds,3.84,5.0,0.0,,
193,"Adinolfi, Wilson  K",1409070522.0,0.0,0.0,1.0,1.0,5.0,4.0,0.0,20.0,0.0,19.0,Production Technician I,MA,1960.0,07/10/83,M ,Single,US Citizen,No,White,7/5/2011,,N/A - still employed,Active,Production       ,Michael Albert,22.0,MBTA ads,Exceeds,2.51,5.0,0.0,1/17/2019,0.0
194,"Barton, Nader",1212051962.0,0.0,2.0,1.0,5.0,5.0,3.0,0.0,18.0,1.0,19.0,Production Technician I,MA,2747.0,07/15/77,M ,Divorced,US Citizen,No,White,9/24/2012,04/06/13,Another position,Voluntarily Terminated,Production       ,Michael Albert,22.0,On-line Web application,Fully Meets,5.0,5.0,0.0,,
195,"Chace, Beatrice ",1208048062.0,0.0,0.0,0.0,1.0,5.0,3.0,0.0,16.0,0.0,19.0,Production Technician I,MA,2763.0,01/02/51,F,Single,US Citizen,No,White,9/29/2014,,N/A - still employed,Active,Production       ,Michael Albert,22.0,Search Engine - Google Bing Yahoo,Fully Meets,5.0,4.0,0.0,2/12/2019,0.0
196,"Crimmings,   Jean",1311063172.0,0.0,0.0,0.0,2.0,5.0,3.0,0.0,19.75,0.0,19.0,Production Technician I,MA,1821.0,04/10/87,F,Single,US Citizen,No,White,7/6/2016,,N/A - Has not started yet,Future Start,Production       ,Michael Albert,22.0,Newspager/Magazine,Fully Meets,4.12,5.0,0.0,1/28/2019,0.0
197,"Estremera, Miguel",1104025243.0,0.0,0.0,1.0,4.0,5.0,2.0,0.0,17.0,1.0,19.0,Production Technician I,MA,2129.0,09/02/83,M ,Single,US Citizen,No,White,4/2/2012,09/27/14,attendance,Terminated for Cause,Production       ,Michael Albert,22.0,Word of Mouth,Needs Improvement,5.0,4.0,0.0,,
198,"Gentry, Mildred",1501072192.0,1.0,1.0,0.0,1.0,5.0,3.0,0.0,19.0,0.0,19.0,Production Technician I,MA,2145.0,10/01/90,F,Married,US Citizen,No,Black or African American,3/30/2015,,N/A - still employed,Active,Production       ,Michael Albert,22.0,Professional Society,Fully Meets,3.73,3.0,0.0,1/16/2019,0.0
199,"Handschiegl, Joanne",1405067064.0,1.0,1.0,0.0,1.0,5.0,3.0,0.0,24.0,0.0,19.0,Production Technician I,MA,2127.0,03/23/77,F,Married,US Citizen,No,White,11/28/2011,,N/A - still employed,Active,Production       ,Michael Albert,22.0,Word of Mouth,Fully Meets,4.2,4.0,0.0,2/22/2019,0.0
200,"Johnson, George",1105025721.0,1.0,1.0,1.0,5.0,5.0,4.0,0.0,17.0,1.0,19.0,Production Technician I,MA,2445.0,08/19/59,M ,Married,US Citizen,No,White,11/7/2011,04/29/16,more money,Voluntarily Terminated,Production       ,Michael Albert,22.0,Monster.com,Exceeds,1.65,4.0,0.0,,
201,"Keatts, Kramer ",1301052462.0,0.0,0.0,1.0,1.0,5.0,3.0,0.0,19.0,0.0,19.0,Production Technician I,MA,1887.0,01/19/76,M ,Single,US Citizen,No,White,9/30/2013,,N/A - still employed,Active,Production       ,Michael Albert,22.0,Billboard,Fully Meets,3.07,4.0,0.0,1/23/2019,0.0
202,"Linares, Marilyn ",1206042315.0,1.0,1.0,0.0,5.0,5.0,3.0,0.0,15.25,1.0,19.0,Production Technician I,MA,1886.0,03/26/81,F,Married,US Citizen,No,White,7/5/2011,09/26/11,unhappy,Voluntarily Terminated,Production       ,Michael Albert,22.0,Internet Search,Fully Meets,3.18,4.0,0.0,,
203,"Medeiros, Jennifer",1109029256.0,0.0,0.0,0.0,1.0,5.0,3.0,0.0,20.0,0.0,19.0,Production Technician I,MA,2346.0,09/22/76,F,Single,US Citizen,No,White,3/30/2015,,N/A - still employed,Active,Production       ,Michael Albert,22.0,Monster.com,Fully Meets,5.0,4.0,0.0,1/21/2019,0.0
204,"Owad, Clinton",1103024335.0,0.0,0.0,1.0,1.0,5.0,2.0,0.0,22.0,0.0,19.0,Production Technician I,MA,1760.0,11/24/79,M ,Single,US Citizen,No,Black or African American,2/17/2014,,N/A - still employed,Active,Production       ,Michael Albert,22.0,MBTA ads,Needs Improvement,4.25,3.0,0.0,2/4/2019,0.0
205,"Rarrick, Quinn",1208048229.0,0.0,2.0,1.0,5.0,5.0,3.0,0.0,21.0,1.0,19.0,Production Technician I,MA,2478.0,12/31/84,M ,Divorced,US Citizen,No,White,9/26/2011,04/07/12,more money,Voluntarily Terminated,Production       ,Michael Albert,22.0,Pay Per Click - Google,Fully Meets,3.8,5.0,0.0,,
206,"Sadki, Nore  ",1308060535.0,0.0,0.0,1.0,5.0,5.0,3.0,0.0,21.0,1.0,19.0,Production Technician I,MA,2148.0,12/21/74,M ,Single,US Citizen,No,White,1/5/2009,07/30/10,relocation out of area,Voluntarily Terminated,Production       ,Michael Albert,22.0,Word of Mouth,Fully Meets,1.53,5.0,0.0,,
207,"Sullivan, Timothy",1201031310.0,1.0,1.0,1.0,1.0,5.0,3.0,0.0,19.0,0.0,19.0,Production Technician I,MA,2747.0,10/07/82,M ,Married,US Citizen,Yes,White,1/5/2015,,N/A - still employed,Active,Production       ,Michael Albert,22.0,Word of Mouth,Fully Meets,4.36,5.0,0.0,1/24/2019,0.0
208,"Von Massenbach, Anna",1106026474.0,0.0,0.0,0.0,2.0,5.0,3.0,0.0,20.0,0.0,19.0,Production Technician I,MA,2124.0,04/06/85,F,Single,US Citizen,No,White,7/5/2015,,N/A - Has not started yet,Future Start,Production       ,Michael Albert,22.0,Newspager/Magazine,Fully Meets,3.21,3.0,0.0,1/29/2019,0.0
209,"Anderson, Carol ",1001417624.0,0.0,2.0,0.0,5.0,5.0,3.0,0.0,16.0,1.0,19.0,Production Technician I,MA,2169.0,09/08/89,F,Divorced,US Citizen,No,White,7/11/2011,09/06/11,return to school,Voluntarily Terminated,Production       ,Webster Butler,39.0,Word of Mouth,Fully Meets,5.0,4.0,0.0,,
210,"Becker, Scott",1110029777.0,0.0,0.0,1.0,3.0,5.0,3.0,0.0,17.0,0.0,19.0,Production Technician I,MA,2452.0,04/06/79,M ,Single,US Citizen,No,Asian,7/8/2013,,N/A - still employed,Leave of Absence,Production       ,Webster Butler,,MBTA ads,Fully Meets,1.09,4.0,0.0,1/11/2019,0.0
211,"Chang, Donovan  E",1111030129.0,0.0,0.0,1.0,1.0,5.0,3.0,0.0,22.0,0.0,19.0,Production Technician I,MA,1845.0,08/24/83,M ,Single,US Citizen,No,White,7/8/2013,,N/A - still employed,Active,Production       ,Webster Butler,,Newspager/Magazine,Fully Meets,3.8,5.0,0.0,1/14/2019,0.0
212,"DeGweck,  James",1306058816.0,1.0,1.0,1.0,5.0,5.0,3.0,0.0,23.5,1.0,19.0,Production Technician I,MA,1810.0,10/31/77,M ,Married,US Citizen,No,White,5/16/2011,06/08/15,unhappy,Voluntarily Terminated,Production       ,Webster Butler,39.0,Billboard,Fully Meets,5.0,4.0,0.0,,
213,"Ferguson, Susan",1502072511.0,1.0,1.0,0.0,5.0,5.0,3.0,0.0,20.0,1.0,19.0,Production Technician I,MA,2176.0,04/14/55,F,Married,US Citizen,No,White,11/7/2011,05/17/14,military,Voluntarily Terminated,Production       ,Webster Butler,39.0,Search Engine - Google Bing Yahoo,Fully Meets,3.13,3.0,0.0,,
214,"Gilles, Alex",1008020960.0,1.0,1.0,1.0,5.0,5.0,2.0,1.0,15.0,1.0,19.0,Production Technician I,MA,2062.0,08/09/74,M ,Married,US Citizen,No,Black or African American,4/2/2012,06/25/15,military,Voluntarily Terminated,Production       ,Webster Butler,39.0,Diversity Job Fair,Needs Improvement,3.97,4.0,0.0,,
215,"Harrington, Christie ",1110029602.0,0.0,0.0,0.0,5.0,5.0,3.0,0.0,19.75,1.0,19.0,Production Technician I,MA,2324.0,08/18/52,F,Single,US Citizen,No,White,1/9/2012,12/15/15,retiring,Voluntarily Terminated,Production       ,Webster Butler,39.0,Monster.com,Fully Meets,4.64,4.0,0.0,,
216,"Kinsella, Kathleen  ",710007401.0,1.0,1.0,0.0,5.0,5.0,3.0,0.0,22.0,1.0,19.0,Production Technician I,MA,2170.0,12/08/73,F,Married,US Citizen,No,White,9/26/2011,06/04/15,more money,Voluntarily Terminated,Production       ,Webster Butler,39.0,Search Engine - Google Bing Yahoo,Fully Meets,3.6,5.0,0.0,,
217,"Lynch, Lindsay",1001138521.0,0.0,0.0,0.0,5.0,5.0,4.0,1.0,19.0,1.0,19.0,Production Technician I,MA,1844.0,02/14/73,F,Single,US Citizen,Yes,Two or more races,11/7/2011,11/14/15,Another position,Voluntarily Terminated,Production       ,Webster Butler,39.0,Diversity Job Fair,Exceeds,5.0,4.0,0.0,,
218,"Ndzi, Colombui",1204033041.0,0.0,0.0,1.0,5.0,5.0,3.0,1.0,18.0,1.0,19.0,Production Technician I,MA,2110.0,05/02/89,M ,Single,US Citizen,No,Black or African American,9/26/2011,04/04/14,return to school,Voluntarily Terminated,Production       ,Webster Butler,39.0,Diversity Job Fair,Fully Meets,2.61,3.0,0.0,,
219,"Pelech, Emil",1307060058.0,0.0,0.0,1.0,5.0,5.0,2.0,0.0,24.0,1.0,19.0,Production Technician I,MA,2458.0,03/17/88,M ,Single,US Citizen,No,Black or African American,1/10/2011,12/28/12,career change,Voluntarily Terminated,Production       ,Webster Butler,39.0,Search Engine - Google Bing Yahoo,Needs Improvement,3.54,5.0,0.0,,
220,"Rivera, Haley  ",1405067642.0,1.0,1.0,0.0,1.0,5.0,4.0,0.0,22.0,0.0,19.0,Production Technician I,MA,2171.0,01/12/73,F,Married,US Citizen,No,Asian,11/28/2011,,N/A - still employed,Active,Production       ,Webster Butler,,Search Engine - Google Bing Yahoo,Exceeds,4.36,5.0,0.0,2/11/2019,0.0
221,"Sewkumar, Nori",807010161.0,0.0,0.0,0.0,3.0,5.0,3.0,0.0,15.2,0.0,19.0,Production Technician I,MA,2191.0,03/10/75,F,Single,US Citizen,No,Asian,9/30/2013,,N/A - still employed,Leave of Absence,Production       ,Webster Butler,,Search Engine - Google Bing Yahoo,Fully Meets,5.0,5.0,0.0,2/21/2019,0.0
222,"Tavares, Desiree  ",1405067501.0,1.0,1.0,0.0,5.0,5.0,3.0,1.0,15.0,1.0,19.0,Production Technician I,MA,1801.0,04/03/75,F,Married,Non-Citizen,No,Two or more races,4/27/2009,04/01/13,Another position,Voluntarily Terminated,Production       ,Webster Butler,39.0,Diversity Job Fair,Fully Meets,2.52,5.0,0.0,,
223,"Whittier, Scott",1307060212.0,0.0,0.0,1.0,5.0,5.0,3.0,0.0,23.0,1.0,19.0,Production Technician I,MA,2030.0,05/24/87,M ,Single,US Citizen,Yes,White,1/10/2011,05/15/11,hours,Voluntarily Terminated,Production       ,Webster Butler,39.0,Newspager/Magazine,Fully Meets,5.0,5.0,0.0,,
224,"Burke, Joelle",1011022820.0,0.0,0.0,0.0,1.0,5.0,3.0,0.0,25.0,0.0,20.0,Production Technician II,MA,2148.0,03/02/80,F,Single,US Citizen,No,Black or African American,3/5/2012,,N/A - still employed,Active,Production       ,Amy Dunn,11.0,Employee Referral,Fully Meets,4.51,4.0,0.0,2/21/2019,0.0
225,"Fitzpatrick, Michael  J",1109029103.0,0.0,0.0,1.0,5.0,5.0,3.0,0.0,29.0,1.0,20.0,Production Technician II,MA,2143.0,10/01/81,M ,Single,US Citizen,Yes,White,5/16/2011,06/24/13,hours,Voluntarily Terminated,Production       ,Amy Dunn,11.0,Social Networks - Facebook Twitter etc,Fully Meets,4.76,5.0,0.0,,
226,"Huynh, Ming",1306058509.0,0.0,2.0,0.0,5.0,5.0,3.0,0.0,23.0,1.0,20.0,Production Technician II,MA,1742.0,09/22/76,F,Divorced,US Citizen,No,White,2/21/2011,04/01/13,unhappy,Voluntarily Terminated,Production       ,Amy Dunn,11.0,Search Engine - Google Bing Yahoo,Fully Meets,3.72,3.0,0.0,,
227,"Mancuso, Karen",1304055986.0,1.0,1.0,0.0,5.0,5.0,3.0,0.0,23.0,1.0,20.0,Production Technician II,MA,2176.0,12/10/86,F,Married,US Citizen,No,Two or more races,7/5/2011,08/19/11,Another position,Voluntarily Terminated,Production       ,Amy Dunn,11.0,Newspager/Magazine,Fully Meets,5.0,4.0,0.0,,
228,"Pelletier, Ermine",1202031821.0,1.0,1.0,0.0,5.0,5.0,2.0,0.0,28.0,1.0,20.0,Production Technician II,MA,2472.0,07/18/89,F,Married,US Citizen,No,Asian,7/5/2011,09/15/11,unhappy,Voluntarily Terminated,Production       ,Amy Dunn,11.0,Monster.com,Needs Improvement,1.03,5.0,0.0,,
229,"Trzeciak, Cybil",1107027551.0,0.0,0.0,0.0,5.0,5.0,3.0,0.0,22.0,1.0,20.0,Production Technician II,MA,1778.0,03/15/85,F,Single,US Citizen,No,White,1/10/2011,07/02/12,unhappy,Voluntarily Terminated,Production       ,Amy Dunn,11.0,Vendor Referral,Fully Meets,1.3,3.0,0.0,,
230,"Cloninger, Jennifer",1012023226.0,1.0,1.0,0.0,5.0,5.0,3.0,0.0,25.0,1.0,20.0,Production Technician II,MA,1752.0,08/31/81,F,Married,US Citizen,No,White,5/16/2011,01/07/13,unhappy,Voluntarily Terminated,Production       ,Brannon Miller,12.0,Word of Mouth,Fully Meets,1.16,5.0,0.0,,
231,"Gonzalez, Juan",1411071324.0,1.0,1.0,1.0,5.0,5.0,1.0,1.0,29.0,1.0,20.0,Production Technician II,MA,2128.0,10/12/64,M ,Married,US Citizen,No,Black or African American,4/26/2010,05/30/11,career change,Voluntarily Terminated,Production       ,Brannon Miller,12.0,Diversity Job Fair,PIP,4.35,3.0,0.0,,
232,"Johnston, Yen",1306057810.0,0.0,0.0,0.0,1.0,5.0,4.0,0.0,25.0,0.0,20.0,Production Technician II,MA,2128.0,09/08/69,F,Single,US Citizen,No,White,7/7/2014,,N/A - still employed,Active,Production       ,Brannon Miller,12.0,Professional Society,Exceeds,1.51,3.0,0.0,1/11/2019,0.0
233,"Miller, Ned",1205033439.0,0.0,0.0,1.0,5.0,5.0,1.0,0.0,25.0,1.0,20.0,Production Technician II,MA,2472.0,06/29/85,M ,Single,US Citizen,No,White,8/15/2011,09/04/14,unhappy,Voluntarily Terminated,Production       ,Brannon Miller,12.0,MBTA ads,PIP,5.0,2.0,0.0,,
234,"Petingill, Shana  ",1103024843.0,1.0,1.0,0.0,1.0,5.0,3.0,0.0,26.0,0.0,20.0,Production Technician II,MA,2050.0,03/10/79,F,Married,Eligible NonCitizen,No,Asian,4/2/2012,,N/A - still employed,Active,Production       ,Brannon Miller,12.0,MBTA ads,Fully Meets,2.61,3.0,0.0,1/14/2019,0.0
235,"Winthrop, Jordan  ",1405067188.0,0.0,0.0,1.0,5.0,5.0,4.0,0.0,29.0,1.0,20.0,Production Technician II,MA,2045.0,11/07/58,M ,Single,US Citizen,No,White,1/7/2013,02/21/16,retiring,Voluntarily Terminated,Production       ,Brannon Miller,12.0,Professional Society,Exceeds,1.67,3.0,0.0,,
236,"Close, Phil",1209048697.0,1.0,1.0,1.0,5.0,5.0,3.0,0.0,26.0,1.0,20.0,Production Technician II,MA,2169.0,11/25/78,M ,Married,US Citizen,No,White,8/30/2010,09/26/11,career change,Voluntarily Terminated,Production       ,David Stanley,14.0,Other,Fully Meets,1.3,4.0,0.0,,
237,"Good, Susan",1001549006.0,1.0,1.0,0.0,3.0,5.0,3.0,0.0,24.25,0.0,20.0,Production Technician II,MA,1886.0,05/25/86,F,Married,US Citizen,No,White,5/12/2014,,N/A - still employed,Leave of Absence,Production       ,David Stanley,14.0,Professional Society,Fully Meets,2.04,3.0,0.0,2/7/2019,0.0
238,"Langford, Lindsey",1010022030.0,0.0,2.0,0.0,5.0,5.0,3.0,0.0,22.0,1.0,20.0,Production Technician II,MA,2090.0,07/25/79,F,Divorced,US Citizen,No,Asian,1/7/2013,03/31/14,Another position,Voluntarily Terminated,Production       ,David Stanley,14.0,Glassdoor,Fully Meets,4.52,3.0,0.0,,
239,"Monkfish, Erasumus",1404066711.0,1.0,1.0,1.0,1.0,5.0,3.0,0.0,27.0,0.0,20.0,Production Technician II,MA,1450.0,08/17/92,M ,Married,US Citizen,No,White,11/7/2011,,N/A - still employed,Active,Production       ,David Stanley,14.0,Professional Society,Fully Meets,2.67,3.0,0.0,1/8/2019,0.0
240,"Roberson, May",1402065340.0,0.0,2.0,0.0,5.0,5.0,3.0,0.0,26.0,1.0,20.0,Production Technician II,MA,1902.0,09/05/81,F,Divorced,Eligible NonCitizen,No,White,9/26/2011,10/22/11,return to school,Voluntarily Terminated,Production       ,David Stanley,14.0,Search Engine - Google Bing Yahoo,Fully Meets,2.19,4.0,0.0,,
241,"Wolk, Hang  T",1205033180.0,0.0,0.0,0.0,1.0,5.0,3.0,0.0,22.0,0.0,20.0,Production Technician II,MA,2302.0,04/20/85,F,Single,US Citizen,No,White,9/29/2014,,N/A - still employed,Active,Production       ,David Stanley,14.0,Newspager/Magazine,Fully Meets,3.4,4.0,0.0,2/21/2019,0.0
242,"Bondwell, Betsy",1008021030.0,0.0,0.0,0.0,5.0,5.0,3.0,0.0,26.0,1.0,20.0,Production Technician II,MA,2210.0,01/16/67,F,Single,US Citizen,No,White,1/10/2011,04/04/14,career change,Voluntarily Terminated,Production       ,Elijiah Gray,16.0,Search Engine - Google Bing Yahoo,Fully Meets,1.38,5.0,0.0,,
243,"Faller, Megan ",1108028428.0,1.0,1.0,0.0,1.0,5.0,3.0,0.0,27.0,0.0,20.0,Production Technician II,MA,1824.0,09/22/78,F,Married,US Citizen,No,Black or African American,7/7/2014,,N/A - still employed,Active,Production       ,Elijiah Gray,16.0,Professional Society,Fully Meets,1.49,5.0,0.0,2/22/2019,0.0
244,"Hunts, Julissa",1106026433.0,0.0,0.0,0.0,2.0,5.0,3.0,0.0,25.0,0.0,20.0,Production Technician II,MA,2021.0,03/11/84,F,Single,US Citizen,No,White,6/6/2016,,N/A - Has not started yet,Future Start,Production       ,Elijiah Gray,16.0,Vendor Referral,Fully Meets,2.92,5.0,0.0,1/18/2019,0.0
245,"Lunquist, Lisa",1001504432.0,0.0,0.0,0.0,1.0,5.0,4.0,0.0,26.1,0.0,20.0,Production Technician II,MA,2324.0,03/28/82,F,Single,US Citizen,No,Black or African American,8/19/2013,,N/A - still employed,Active,Production       ,Elijiah Gray,16.0,Glassdoor,Exceeds,1.64,4.0,0.0,2/12/2019,0.0
246,"Nowlan, Kristie",1104025435.0,0.0,0.0,0.0,1.0,5.0,3.0,0.0,26.39,0.0,20.0,Production Technician II,MA,1040.0,11/23/85,F,Single,US Citizen,No,White,11/10/2014,,N/A - still employed,Active,Production       ,Elijiah Gray,16.0,Glassdoor,Fully Meets,4.53,5.0,0.0,1/16/2019,0.0
247,"Smith, Joe",1001970770.0,0.0,0.0,1.0,1.0,5.0,4.0,0.0,22.0,0.0,20.0,Production Technician II,MA,2045.0,10/30/63,M ,Single,US Citizen,No,White,9/29/2014,,N/A - still employed,Active,Production       ,Elijiah Gray,16.0,Pay Per Click - Google,Exceeds,2.41,3.0,0.0,1/28/2019,0.0
248,"Tejeda, Lenora ",1406068345.0,1.0,1.0,0.0,5.0,5.0,3.0,0.0,28.75,1.0,20.0,Production Technician II,MA,2129.0,05/24/53,F,Married,US Citizen,No,White,5/16/2011,07/08/12,Another position,Voluntarily Terminated,Production       ,Elijiah Gray,16.0,Search Engine - Google Bing Yahoo,Fully Meets,3.93,3.0,0.0,,
249,"Beak, Kimberly  ",1303054329.0,1.0,1.0,0.0,2.0,5.0,4.0,0.0,27.0,0.0,20.0,Production Technician II,MA,2145.0,04/17/66,F,Married,US Citizen,No,White,7/21/2016,,N/A - Has not started yet,Future Start,Production       ,Kelley Spirea,18.0,Employee Referral,Exceeds,2.7,3.0,0.0,1/14/2019,0.0
250,"Demita, Carla",1104025179.0,0.0,3.0,0.0,5.0,5.0,3.0,0.0,29.0,1.0,20.0,Production Technician II,MA,2343.0,02/25/51,F,Separated,US Citizen,No,Black or African American,4/4/2011,11/04/15,more money,Voluntarily Terminated,Production       ,Kelley Spirea,18.0,Search Engine - Google Bing Yahoo,Fully Meets,4.62,5.0,0.0,,
251,"Hankard, Earnest",1307059937.0,0.0,0.0,1.0,1.0,5.0,3.0,0.0,24.0,0.0,20.0,Production Technician II,MA,2155.0,08/10/88,M ,Single,US Citizen,Yes,White,11/11/2013,,N/A - still employed,Active,Production       ,Kelley Spirea,18.0,Newspager/Magazine,Fully Meets,5.0,3.0,0.0,1/8/2019,0.0
252,"Hendrickson, Trina",1011022932.0,0.0,0.0,0.0,5.0,5.0,3.0,0.0,24.0,1.0,20.0,Production Technician II,MA,2021.0,08/27/72,F,Single,US Citizen,No,White,1/10/2011,02/18/13,hours,Voluntarily Terminated,Production       ,Kelley Spirea,18.0,Monster.com,Fully Meets,5.0,3.0,0.0,,
253,"Linden, Mathew",1405067565.0,1.0,1.0,1.0,3.0,5.0,3.0,0.0,22.0,0.0,20.0,Production Technician II,MA,1770.0,03/19/79,M ,Married,US Citizen,No,White,7/8/2013,,N/A - still employed,Leave of Absence,Production       ,Kelley Spirea,18.0,Information Session,Fully Meets,4.0,3.0,0.0,2/18/2019,0.0
254,"Moran, Patrick",1408069503.0,0.0,0.0,1.0,3.0,5.0,3.0,1.0,26.0,0.0,20.0,Production Technician II,MA,2127.0,12/03/76,M ,Single,US Citizen,No,Hispanic,1/9/2012,,N/A - still employed,Leave of Absence,Production       ,Kelley Spirea,18.0,Diversity Job Fair,Fully Meets,2.5,4.0,0.0,1/31/2019,0.0
255,"Sahoo, Adil",1106026462.0,1.0,1.0,1.0,1.0,5.0,3.0,0.0,29.0,0.0,20.0,Production Technician II,MA,2062.0,04/26/86,M ,Married,US Citizen,No,White,8/30/2010,,N/A - still employed,Active,Production       ,Kelley Spirea,18.0,Monster.com,Fully Meets,2.08,3.0,0.0,1/10/2019,0.0
256,"Burkett, Benjamin ",1301052449.0,1.0,1.0,1.0,1.0,5.0,3.0,0.0,26.0,0.0,20.0,Production Technician II,MA,1890.0,08/19/77,M ,Married,US Citizen,No,White,4/4/2011,,N/A - still employed,Active,Production       ,Ketsia Liebig,19.0,Careerbuilder,Fully Meets,3.25,5.0,0.0,1/14/2019,0.0
257,"Foreman, Tanya",1012023204.0,1.0,1.0,0.0,5.0,5.0,3.0,0.0,24.0,1.0,20.0,Production Technician II,MA,2170.0,11/08/83,F,Married,US Citizen,No,White,4/4/2011,01/09/12,career change,Voluntarily Terminated,Production       ,Ketsia Liebig,19.0,Word of Mouth,Fully Meets,3.66,3.0,0.0,,
258,"Jeannite, Tayana",1008020942.0,0.0,2.0,0.0,1.0,5.0,4.0,0.0,22.5,0.0,20.0,Production Technician II,MA,1821.0,11/06/86,F,Divorced,US Citizen,No,American Indian or Alaska Native,7/5/2011,,N/A - still employed,Active,Production       ,Ketsia Liebig,19.0,MBTA ads,Exceeds,4.6,4.0,0.0,2/25/2019,0.0
259,"McCarthy, Brigit",1406067957.0,0.0,0.0,0.0,1.0,5.0,3.0,0.0,26.0,0.0,20.0,Production Technician II,MA,2149.0,05/21/87,F,Single,US Citizen,No,White,3/30/2015,,N/A - still employed,Active,Production       ,Ketsia Liebig,19.0,Newspager/Magazine,Fully Meets,5.0,5.0,0.0,2/7/2019,0.0
260,"Peters, Lauren",1411071406.0,1.0,1.0,0.0,5.0,5.0,4.0,0.0,29.0,1.0,20.0,Production Technician II,MA,1886.0,08/17/86,F,Married,US Citizen,No,White,5/16/2011,02/04/12,more money,Voluntarily Terminated,Production       ,Ketsia Liebig,19.0,Pay Per Click - Google,Exceeds,1.79,5.0,0.0,,
261,"Walker, Roger",1011022818.0,0.0,0.0,1.0,1.0,5.0,3.0,0.0,22.0,0.0,20.0,Production Technician II,MA,2459.0,02/10/76,M ,Single,US Citizen,No,Black or African American,8/18/2014,,N/A - still employed,Active,Production       ,Ketsia Liebig,19.0,Employee Referral,Fully Meets,3.11,5.0,0.0,2/12/2019,0.0
262,"Akinkuolie, Sarah",1005019209.0,1.0,1.0,0.0,5.0,5.0,3.0,0.0,29.0,1.0,20.0,Production Technician II,MA,1810.0,09/19/88,F,Married,US Citizen,No,White,7/5/2011,09/24/12,hours,Voluntarily Terminated,Production       ,Kissy Sullivan,20.0,Newspager/Magazine,Fully Meets,3.02,3.0,0.0,,
263,"Davis, Daniel",1201031274.0,0.0,0.0,1.0,1.0,5.0,3.0,0.0,25.0,0.0,20.0,Production Technician II,MA,2458.0,09/14/79,M ,Single,Eligible NonCitizen,No,Two or more races,11/7/2011,,N/A - still employed,Active,Production       ,Kissy Sullivan,20.0,Newspager/Magazine,Fully Meets,3.96,4.0,0.0,2/27/2019,0.0
264,"Gosciminski, Phylicia  ",1108028351.0,0.0,3.0,0.0,3.0,5.0,3.0,0.0,27.0,0.0,20.0,Production Technician II,MA,1824.0,12/08/83,F,Separated,US Citizen,No,American Indian or Alaska Native,9/30/2013,,N/A - still employed,Leave of Absence,Production       ,Kissy Sullivan,20.0,Word of Mouth,Fully Meets,2.57,5.0,0.0,2/21/2019,0.0
265,"Latif, Mohammed",1104025486.0,1.0,1.0,1.0,5.0,5.0,3.0,0.0,28.0,1.0,20.0,Production Technician II,MA,2126.0,05/09/84,M ,Married,US Citizen,No,White,4/2/2012,04/15/13,more money,Voluntarily Terminated,Production       ,Kissy Sullivan,20.0,Word of Mouth,Fully Meets,1.84,3.0,0.0,,
266,"Monterro, Luisa",1001103149.0,0.0,0.0,0.0,1.0,5.0,4.0,0.0,25.0,0.0,20.0,Production Technician II,MA,2126.0,04/24/70,F,Single,US Citizen,No,Black or African American,5/13/2013,,N/A - still employed,Active,Production       ,Kissy Sullivan,20.0,Billboard,Exceeds,2.55,3.0,0.0,1/14/2019,0.0
267,"Robertson, Peter",1499902991.0,1.0,1.0,1.0,5.0,5.0,3.0,0.0,22.0,1.0,20.0,Production Technician II,MA,2138.0,07/03/72,M ,Married,US Citizen,No,White,7/5/2011,02/08/12,Another position,Voluntarily Terminated,Production       ,Kissy Sullivan,20.0,Glassdoor,Fully Meets,2.48,5.0,0.0,,
268,"Woodson, Jason",1012023010.0,0.0,0.0,1.0,1.0,5.0,3.0,0.0,24.25,0.0,20.0,Production Technician II,MA,1810.0,05/11/85,M ,Single,US Citizen,No,White,7/7/2014,,N/A - still employed,Active,Production       ,Kissy Sullivan,20.0,Vendor Referral,Fully Meets,4.07,4.0,0.0,2/28/2019,0.0
269,"Blount, Dianna",1403066125.0,0.0,0.0,0.0,1.0,5.0,2.0,0.0,27.0,0.0,20.0,Production Technician II,MA,2171.0,09/21/90,F,Single,US Citizen,No,White,4/4/2011,,N/A - still employed,Active,Production       ,Michael Albert,22.0,Monster.com,Needs Improvement,1.16,3.0,0.0,2/27/2019,0.0
270,"Erilus, Angela",1105025661.0,0.0,3.0,0.0,1.0,5.0,1.0,0.0,24.0,0.0,20.0,Production Technician II,MA,2133.0,08/25/89,F,Separated,US Citizen,No,White,7/7/2014,,N/A - still employed,Active,Production       ,Michael Albert,22.0,Pay Per Click - Google,PIP,4.59,1.0,0.0,2/25/2019,0.0
271,"Homberger, Adrienne  J",1207046956.0,1.0,1.0,0.0,5.0,5.0,3.0,0.0,28.0,1.0,20.0,Production Technician II,MA,2445.0,02/16/84,F,Married,Non-Citizen,No,White,8/15/2011,04/07/12,relocation out of area,Voluntarily Terminated,Production       ,Michael Albert,30.0,Glassdoor,Fully Meets,3.03,5.0,0.0,,
272,"Lundy, Susan",1305056276.0,0.0,4.0,0.0,5.0,5.0,3.0,0.0,24.0,1.0,20.0,Production Technician II,MA,2122.0,12/26/76,F,Widowed,US Citizen,No,White,7/8/2013,09/15/13,more money,Voluntarily Terminated,Production       ,Michael Albert,22.0,On-campus Recruiting,Fully Meets,4.65,4.0,0.0,,
273,"Moumanil, Maliki ",1301052436.0,0.0,3.0,1.0,1.0,5.0,3.0,0.0,29.0,0.0,20.0,Production Technician II,MA,1460.0,12/01/74,M ,Separated,US Citizen,No,Black or African American,5/13/2013,,N/A - still employed,Active,Production       ,Michael Albert,22.0,On-campus Recruiting,Fully Meets,4.29,5.0,0.0,1/28/2019,0.0
274,"Sloan, Constance",1012023103.0,0.0,0.0,0.0,5.0,5.0,3.0,0.0,23.0,1.0,20.0,Production Technician II,MA,1851.0,11/25/87,F,Single,US Citizen,No,White,10/26/2009,04/08/15,maternity leave - did not return,Voluntarily Terminated,Production       ,Michael Albert,22.0,Monster.com,Fully Meets,4.68,4.0,0.0,,
275,"Buccheri, Joseph  ",1101023457.0,0.0,0.0,1.0,1.0,5.0,3.0,0.0,22.0,0.0,20.0,Production Technician II,MA,1013.0,07/28/83,M ,Single,US Citizen,No,White,9/29/2014,,N/A - still employed,Active,Production       ,Webster Butler,,Word of Mouth,Fully Meets,3.19,3.0,0.0,2/1/2019,0.0
276,"Fancett, Nicole",1402065085.0,0.0,0.0,0.0,1.0,5.0,3.0,0.0,24.0,0.0,20.0,Production Technician II,MA,2324.0,09/27/87,F,Single,US Citizen,No,Black or African American,2/17/2014,,N/A - still employed,Active,Production       ,Webster Butler,,Newspager/Magazine,Fully Meets,4.0,4.0,0.0,1/7/2019,0.0
277,"Hutter, Rosalie",1103024924.0,0.0,3.0,0.0,2.0,5.0,3.0,0.0,28.0,0.0,20.0,Production Technician II,MA,2351.0,05/07/92,F,Separated,US Citizen,No,White,6/5/2015,,N/A - Has not started yet,Future Start,Production       ,Webster Butler,,Other,Fully Meets,2.63,3.0,0.0,2/14/2019,0.0
278,"Manchester, Robyn",1110029623.0,1.0,1.0,0.0,2.0,5.0,3.0,0.0,23.0,0.0,20.0,Production Technician II,MA,2324.0,08/25/76,F,Married,US Citizen,No,White,5/11/2016,,N/A - Has not started yet,Future Start,Production       ,Webster Butler,,Vendor Referral,Fully Meets,5.0,3.0,0.0,1/21/2019,0.0
279,"Oliver, Brooke ",1001856521.0,1.0,1.0,0.0,5.0,5.0,3.0,0.0,25.0,1.0,20.0,Production Technician II,MA,2492.0,02/11/52,F,Married,US Citizen,No,Asian,5/14/2012,08/19/13,unhappy,Voluntarily Terminated,Production       ,Webster Butler,39.0,Newspager/Magazine,Fully Meets,5.0,3.0,0.0,,
280,"Thibaud, Kenneth",1011022777.0,0.0,4.0,1.0,5.0,5.0,3.0,0.0,23.0,1.0,20.0,Production Technician II,MA,2472.0,09/16/75,M ,Widowed,US Citizen,No,White,6/25/2007,08/30/10,military,Voluntarily Terminated,Production       ,Webster Butler,39.0,Pay Per Click - Google,Fully Meets,1.37,4.0,0.0,,
281,"Daneault, Lynn",1402065303.0,0.0,0.0,0.0,1.0,6.0,3.0,0.0,54.0,0.0,21.0,Sales Manager,VT,5473.0,04/19/90,F,Single,US Citizen,No,White,5/5/2014,,N/A - still employed,Active,Sales,Debra Houlihan,15.0,Pay Per Click - Google,Fully Meets,4.62,4.0,0.0,1/24/2019,0.0
282,"Kampew, Donysha",1109029264.0,0.0,0.0,0.0,5.0,6.0,3.0,0.0,60.25,1.0,21.0,Sales Manager,PA,19444.0,11/11/89,F,Single,US Citizen,No,White,11/7/2011,04/24/14,maternity leave - did not return,Voluntarily Terminated,Sales,Debra Houlihan,15.0,Social Networks - Facebook Twitter etc,Fully Meets,1.9,5.0,0.0,,
283,"Smith, John",1499902910.0,0.0,2.0,1.0,1.0,6.0,2.0,1.0,56.0,0.0,21.0,Sales Manager,MA,1886.0,08/16/84,M ,Divorced,US Citizen,No,Black or African American,5/18/2014,,N/A - still employed,Active,Sales,Debra Houlihan,15.0,Diversity Job Fair,Needs Improvement,1.62,4.0,0.0,1/16/2019,0.0
284,"Le, Binh",1009919930.0,0.0,0.0,0.0,1.0,3.0,3.0,0.0,50.25,0.0,22.0,Senior BI Developer,MA,1886.0,06/14/87,F,Single,US Citizen,No,Asian,10/2/2016,,N/A - still employed,Active,IT/IS,Brian Champaigne,13.0,Indeed,Fully Meets,2.09,5.0,7.0,1/8/2019,0.0
285,"Navathe, Kurt",1009919960.0,0.0,0.0,1.0,1.0,3.0,3.0,0.0,52.25,0.0,22.0,Senior BI Developer,MA,2056.0,04/25/70,M ,Single,US Citizen,No,Asian,2/10/2017,,N/A - still employed,Active,IT/IS,Brian Champaigne,13.0,Indeed,Fully Meets,5.0,3.0,6.0,2/25/2019,0.0
286,"Wang, Charlie",1009919970.0,0.0,0.0,1.0,1.0,3.0,3.0,0.0,51.0,0.0,22.0,Senior BI Developer,MA,1887.0,07/08/81,M ,Single,US Citizen,No,Asian,2/15/2017,,N/A - still employed,Active,IT/IS,Brian Champaigne,13.0,Indeed,Fully Meets,3.42,4.0,7.0,1/4/2019,0.0
287,"LeBlanc, Brandon  R",1102024115.0,1.0,1.0,1.0,1.0,1.0,3.0,0.0,55.0,0.0,23.0,Shared Services Manager,MA,1460.0,06/10/84,M ,Married,US Citizen,No,White,1/5/2016,,N/A - still employed,Active,Admin Offices,Janet King,2.0,Monster.com,Fully Meets,1.95,4.0,0.0,1/28/2019,0.0
288,"Quinn, Sean",1206043417.0,1.0,1.0,1.0,5.0,1.0,3.0,1.0,55.0,1.0,23.0,Shared Services Manager,MA,2045.0,11/06/84,M ,Married,Eligible NonCitizen,No,Black or African American,2/21/2011,08/15/15,career change,Voluntarily Terminated,Admin Offices,Janet King,2.0,Diversity Job Fair,Fully Meets,4.15,4.0,0.0,,
289,"Andreola, Colby",1107027358.0,0.0,0.0,0.0,1.0,4.0,3.0,0.0,47.6,0.0,24.0,Software Engineer,MA,2110.0,05/24/79,F,Single,US Citizen,No,White,11/10/2014,,N/A - still employed,Active,Software Engineering,Alex Sweetwater,10.0,Vendor Referral,Fully Meets,3.04,3.0,4.0,1/2/2019,0.0
290,"Carabbio, Judith",1101023577.0,0.0,0.0,0.0,1.0,4.0,3.0,0.0,56.0,0.0,24.0,Software Engineer,MA,2132.0,04/05/87,F,Single,US Citizen,No,White,11/11/2013,,N/A - still employed,Active,Software Engineering,Alex Sweetwater,10.0,Pay Per Click - Google,Fully Meets,4.96,4.0,6.0,1/30/2019,0.0
291,"Del Bosque, Keyla",1203032498.0,0.0,0.0,0.0,1.0,4.0,3.0,0.0,57.12,0.0,24.0,Software Engineer,MA,2176.0,07/05/79,F,Single,US Citizen,No,Black or African American,1/9/2012,,N/A - still employed,Active,Software Engineering,Alex Sweetwater,10.0,Monster.com,Fully Meets,3.79,5.0,5.0,1/25/2019,0.0
292,"Exantus, Susan",1401064670.0,1.0,1.0,0.0,4.0,4.0,2.0,0.0,48.5,1.0,24.0,Software Engineer,MA,1749.0,05/15/87,F,Married,US Citizen,No,Black or African American,5/2/2011,06/05/13,attendance,Terminated for Cause,Software Engineering,Alex Sweetwater,10.0,Billboard,Needs Improvement,2.55,5.0,4.0,,
293,"Martin, Sandra",1303054625.0,0.0,0.0,0.0,1.0,4.0,3.0,0.0,55.51,0.0,24.0,Software Engineer,MA,2135.0,11/07/87,F,Single,US Citizen,No,Asian,11/11/2013,,N/A - still employed,Active,Software Engineering,Alex Sweetwater,10.0,Search Engine - Google Bing Yahoo,Fully Meets,1.53,5.0,4.0,1/14/2019,0.0
294,"Patronick, Luke",1112030979.0,0.0,0.0,1.0,5.0,4.0,4.0,1.0,52.25,1.0,24.0,Software Engineer,MA,1844.0,02/20/79,M ,Single,US Citizen,No,Asian,11/7/2011,09/07/15,Another position,Voluntarily Terminated,Software Engineering,Alex Sweetwater,10.0,Diversity Job Fair,Exceeds,1.1,5.0,3.0,,
295,"Saada, Adell",1012023185.0,1.0,1.0,0.0,1.0,4.0,3.0,0.0,49.25,0.0,24.0,Software Engineer,MA,2132.0,07/24/86,F,Married,US Citizen,No,White,11/5/2012,,N/A - still employed,Active,Software Engineering,Alex Sweetwater,10.0,Pay Per Click - Google,Fully Meets,1.74,3.0,6.0,2/13/2019,0.0
296,"Szabo, Andrew",1201031324.0,0.0,0.0,1.0,1.0,4.0,4.0,0.0,48.0,0.0,24.0,Software Engineer,MA,2140.0,05/06/83,M ,Single,US Citizen,No,White,7/7/2014,,N/A - still employed,Active,Software Engineering,Alex Sweetwater,10.0,MBTA ads,Exceeds,2.61,5.0,5.0,2/18/2019,0.0
297,"True, Edward",1102024057.0,0.0,0.0,1.0,5.0,4.0,3.0,1.0,45.42,1.0,24.0,Software Engineer,MA,2451.0,06/14/83,M ,Single,Non-Citizen,No,Black or African American,2/18/2013,04/15/14,medical issues,Voluntarily Terminated,Software Engineering,Alex Sweetwater,10.0,Diversity Job Fair,Fully Meets,1.11,3.0,4.0,,
298,"Sweetwater, Alex",1001644719.0,0.0,0.0,1.0,1.0,4.0,3.0,0.0,27.0,0.0,25.0,Software Engineering Manager,MA,2184.0,11/22/66,M ,Single,US Citizen,No,White,8/15/2011,,N/A - still employed,Active,Software Engineering,Jennifer Zamora,5.0,Search Engine - Google Bing Yahoo,Fully Meets,3.84,3.0,5.0,1/21/2019,0.0
299,"Foster-Baker, Amy",1201031308.0,1.0,1.0,0.0,1.0,1.0,3.0,0.0,34.95,0.0,26.0,Sr. Accountant,MA,2050.0,04/16/79,F,Married,US Citizen,no,White,1/5/2009,,N/A - still employed,Active,Admin Offices,Board of Directors,9.0,Other,Fully Meets,5.0,3.0,2.0,2/8/2019,0.0
300,"Boutwell, Bonalyn",1307060188.0,1.0,1.0,0.0,1.0,1.0,3.0,1.0,34.95,0.0,26.0,Sr. Accountant,MA,2468.0,04/04/87,F,Married,US Citizen,No,Asian,2/16/2015,,N/A - still employed,Active,Admin Offices,Brandon R. LeBlanc,3.0,Diversity Job Fair,Fully Meets,5.0,4.0,3.0,2/18/2019,0.0
301,"Ait Sidi, Karthikeyan   ",1307060199.0,1.0,1.0,1.0,5.0,3.0,3.0,0.0,62.0,1.0,27.0,Sr. DBA,MA,2148.0,05/05/75,M ,Married,US Citizen,No,White,3/30/2015,06/16/16,career change,Voluntarily Terminated,IT/IS,Simon Roup,4.0,Company Intranet - Partner,Fully Meets,4.96,3.0,6.0,,
302,"Carr, Claudia  N",1010022337.0,0.0,0.0,0.0,2.0,3.0,3.0,0.0,61.3,0.0,27.0,Sr. DBA,MA,1886.0,06/06/86,F,Single,US Citizen,No,Black or African American,6/30/2016,,N/A - Has not started yet,Future Start,IT/IS,Simon Roup,4.0,Vendor Referral,Fully Meets,5.0,5.0,6.0,2/18/2019,0.0
303,"Favis, Donald  ",1412071562.0,0.0,0.0,1.0,4.0,3.0,3.0,0.0,58.2,1.0,30.0,Enterprise Architect,CT,6033.0,07/30/64,M ,Single,US Citizen,No,Black or African American,2/17/2014,02/19/16,hours,Terminated for Cause,IT/IS,Simon Roup,4.0,Vendor Referral,Fully Meets,2.94,5.0,7.0,,
304,"Roehrich, Bianca",1111030266.0,0.0,0.0,0.0,5.0,3.0,3.0,0.0,58.5,1.0,29.0,Principal Data Architect,MA,2703.0,05/27/73,F,Single,US Citizen,Yes,White,1/5/2015,11/10/15,Another position,Voluntarily Terminated,IT/IS,Simon Roup,4.0,Vendor Referral,Fully Meets,3.88,3.0,7.0,,
305,"Daniele, Ann  ",1411071312.0,1.0,1.0,0.0,3.0,3.0,3.0,0.0,54.1,0.0,28.0,Sr. Network Engineer,CT,6033.0,01/18/52,F,Married,US Citizen,No,White,11/10/2014,,N/A - still employed,Leave of Absence,IT/IS,Peter Monroe,7.0,Vendor Referral,Fully Meets,1.55,5.0,8.0,2/12/2019,0.0
306,"Lajiri,  Jyoti",1108028108.0,1.0,1.0,1.0,3.0,3.0,3.0,0.0,56.2,0.0,28.0,Sr. Network Engineer,MA,2169.0,04/23/86,M ,Married,US Citizen,No,White,11/10/2014,,N/A - still employed,Leave of Absence,IT/IS,Peter Monroe,7.0,Employee Referral,Fully Meets,4.46,5.0,6.0,1/7/2019,0.0
307,"Semizoglou, Jeremiah  ",904013591.0,1.0,1.0,1.0,2.0,3.0,3.0,0.0,53.8,0.0,28.0,Sr. Network Engineer,MA,1545.0,02/09/83,M ,Married,US Citizen,No,Asian,6/30/2016,,N/A - Has not started yet,Future Start,IT/IS,Peter Monroe,7.0,On-campus Recruiting,Fully Meets,3.27,4.0,5.0,1/14/2019,0.0
308,"South, Joe",1308060959.0,0.0,0.0,1.0,1.0,3.0,3.0,0.0,53.0,0.0,28.0,Sr. Network Engineer,CT,6278.0,09/09/65,M ,Single,US Citizen,No,White,11/10/2014,,N/A - still employed,Active,IT/IS,Peter Monroe,7.0,Employee Referral,Fully Meets,5.0,3.0,4.0,1/2/2019,0.0
309,"Warfield, Sarah",1301052347.0,0.0,4.0,0.0,1.0,3.0,3.0,0.0,55.2,0.0,28.0,Sr. Network Engineer,MA,2453.0,05/02/78,F,Widowed,US Citizen,No,Asian,3/30/2015,,N/A - still employed,Active,IT/IS,Peter Monroe,7.0,Employee Referral,Fully Meets,1.06,4.0,8.0,2/5/2019,0.0
